2502,1.8975,1.8856,1.89155
2503,1.8915,1.8822,1.88685
2504,1.8865,1.875,1.88075
2505,1.884,1.8753,1.87965
2506,1.882,1.8715,1.87675
2507,1.8901,1.8755,1.8828
2508,1.9,1.8905,1.89525
2509,1.9015,1.8924,1.89695
2510,1.8965,1.888,1.89225
2511,1.9095,1.895,1.90225
2512,1.917,1.906,1.9115
2513,1.926,1.9145,1.92025
2514,1.9235,1.9235,1.9235
2515,1.9325,1.9235,1.928
2516,1.934,1.9273,1.93065
2517,1.932,1.9247,1.92835
2518,1.94,1.928,1.934
2519,1.9398,1.9398,1.9398
2520,1.9515,1.937,1.94425
2521,1.957,1.9269,1.94195
2522,1.952,1.9265,1.93925
2523,1.9595,1.9467,1.9531
2524,1.959,1.9468,1.9529
2525,1.9475,1.9385,1.943
2526,1.9465,1.9379,1.9422
2527,1.9554,1.9465,1.95095
2528,1.958,1.9468,1.9524
2529,1.953,1.941,1.947
2530,1.9445,1.9373,1.9409
2531,1.945,1.929,1.937
2532,1.9465,1.935,1.94075
2533,1.9505,1.9339,1.9422
2534,1.9396,1.9271,1.93335
2535,1.945,1.937,1.941
2536,1.937,1.9216,1.9293
2537,1.924,1.9118,1.9179
2538,1.9315,1.9199,1.9257
2539,1.926,1.9177,1.92185
2540,1.928,1.9145,1.92125
2541,1.9365,1.9255,1.931
2542,1.9445,1.936,1.94025
2543,1.942,1.9318,1.9369
2544,1.9441,1.934,1.93905
2545,1.9385,1.9284,1.93345
2546,1.935,1.926,1.9305
2547,1.93,1.9151,1.92255
2548,1.9273,1.913,1.92015
2549,1.933,1.9245,1.92875
2550,1.933,1.9172,1.9251
2551,1.922,1.9166,1.9193
2552,1.9195,1.9028,1.91115
2553,1.9177,1.9045,1.9111
2554,1.9235,1.912,1.91775
2555,1.924,1.9051,1.91455
2556,1.918,1.906,1.912
2557,1.913,1.9016,1.9073
2558,1.9208,1.9025,1.91165
2559,1.9185,1.9079,1.9132
2560,1.9206,1.9085,1.91455
2561,1.9255,1.916,1.92075
2562,1.9321,1.922,1.92705
2563,1.938,1.9285,1.93325
2564,1.9365,1.9284,1.93245
2565,1.9339,1.925,1.92945
2566,1.937,1.9263,1.93165
2567,1.934,1.927,1.9305
2568,1.9375,1.9295,1.9335
2569,1.934,1.926,1.93
2570,1.931,1.9133,1.92215
2571,1.921,1.908,1.9145
2572,1.913,1.8957,1.90435
2573,1.9,1.8913,1.89565
2574,1.9015,1.8935,1.8975
2575,1.909,1.8985,1.90375
2576,1.9125,1.8936,1.90305
2577,1.8965,1.8833,1.8899
2578,1.8965,1.8855,1.891
2579,1.8968,1.8885,1.89265
2580,1.8992,1.8897,1.89445
2581,1.8945,1.8848,1.88965
2582,1.8885,1.8798,1.88415
2583,1.886,1.8755,1.88075
2584,1.8836,1.873,1.8783
2585,1.8969,1.8795,1.8882
2586,1.9051,1.8935,1.8993
2587,1.909,1.894,1.9015
2588,1.9049,1.8925,1.8987
2589,1.9045,1.899,1.90175
2590,1.899,1.8862,1.8926
2591,1.8915,1.881,1.88625
2592,1.8942,1.8837,1.88895
2593,1.8934,1.89,1.8917
2594,1.8905,1.8833,1.8869
2595,1.891,1.8777,1.88435
2596,1.8897,1.8699,1.8798
2597,1.8957,1.881,1.88835
2598,1.9047,1.8955,1.9001
2599,1.9025,1.8945,1.8985
2600,1.901,1.8931,1.89705
2601,1.9001,1.8905,1.8953
2602,1.9041,1.8945,1.8993
2603,1.9055,1.889,1.89725
2604,1.8925,1.8853,1.8889
2605,1.894,1.8855,1.88975
2606,1.8951,1.8885,1.8918
2607,1.8975,1.8882,1.89285
2608,1.901,1.8894,1.8952
2609,1.8935,1.8901,1.8918
2610,1.891,1.8827,1.88685
2611,1.8859,1.8814,1.88365
2612,1.892,1.8781,1.88505
2613,1.8825,1.8737,1.8781
2614,1.876,1.8727,1.87435
2615,1.8799,1.873,1.87645
2616,1.8865,1.875,1.88075
2617,1.888,1.879,1.8835
2618,1.883,1.8756,1.8793
2619,1.882,1.874,1.878
2620,1.8775,1.8626,1.87005
2621,1.8662,1.8548,1.8605
2622,1.8612,1.85,1.8556
2623,1.8625,1.8535,1.858
2624,1.8615,1.858,1.85975
2625,1.861,1.8529,1.85695
2626,1.859,1.8535,1.85625
2627,1.8568,1.8444,1.8506
2628,1.8497,1.8433,1.8465
2629,1.8538,1.8442,1.849
2630,1.8535,1.842,1.84775
2631,1.857,1.8448,1.8509
2632,1.8516,1.8455,1.84855
2633,1.8517,1.846,1.84885
2634,1.854,1.8411,1.84755
2635,1.8535,1.8414,1.84745
2636,1.8568,1.851,1.8539
2637,1.8635,1.8486,1.85605
2638,1.8672,1.86,1.8636
2639,1.8645,1.8575,1.861
2640,1.8612,1.8531,1.85715
2641,1.8557,1.8496,1.85265
2642,1.858,1.8515,1.85475
2643,1.8576,1.851,1.8543
2644,1.8625,1.8565,1.8595
2645,1.865,1.8585,1.86175
2646,1.866,1.8588,1.8624
2647,1.8615,1.8435,1.8525
2648,1.8497,1.8435,1.8466
2649,1.8515,1.8435,1.8475
2650,1.8505,1.8455,1.848
2651,1.8505,1.8435,1.847
2652,1.848,1.8355,1.84175
2653,1.8477,1.8345,1.8411
2654,1.8507,1.844,1.84735
2655,1.8574,1.8485,1.85295
2656,1.8641,1.8535,1.8588
2657,1.859,1.8507,1.85485
2658,1.856,1.851,1.8535
2659,1.86,1.8535,1.85675
2660,1.8608,1.849,1.8549
2661,1.8737,1.857,1.86535
2662,1.8785,1.8679,1.8732
2663,1.8785,1.8703,1.8744
2664,1.8715,1.8654,1.86845
2665,1.8762,1.8685,1.87235
2666,1.8813,1.8715,1.8764
2667,1.8823,1.8748,1.87855
2668,1.8805,1.8724,1.87645
2669,1.8772,1.872,1.8746
2670,1.8782,1.8725,1.87535
2671,1.883,1.8755,1.87925
2672,1.884,1.8785,1.88125
2673,1.8873,1.878,1.88265
2674,1.883,1.8785,1.88075
2675,1.8815,1.875,1.87825
2676,1.8807,1.8735,1.8771
2677,1.8941,1.8805,1.8873
2678,1.8959,1.891,1.89345
2679,1.9007,1.8925,1.8966
2680,1.9035,1.8935,1.8985
2681,1.914,1.902,1.908
2682,1.92,1.9093,1.91465
2683,1.9179,1.91,1.91395
2684,1.92,1.911,1.9155
2685,1.9175,1.9078,1.91265
2686,1.924,1.9135,1.91875
2687,1.9168,1.91,1.9134
2688,1.9165,1.9079,1.9122
2689,1.9124,1.908,1.9102
2690,1.9126,1.9024,1.9075
2691,1.915,1.9085,1.91175
2692,1.918,1.906,1.912
2693,1.92,1.9064,1.9132
2694,1.9105,1.9059,1.9082
2695,1.908,1.8847,1.89635
2696,1.891,1.8855,1.88825
2697,1.8961,1.8825,1.8893
2698,1.9066,1.893,1.8998
2699,1.9075,1.8979,1.9027
2700,1.9165,1.895,1.90575
2701,1.915,1.901,1.908
2702,1.9123,1.9045,1.9084
2703,1.925,1.908,1.9165
2704,1.9335,1.9172,1.92535
2705,1.926,1.9185,1.92225
2706,1.9325,1.923,1.92775
2707,1.9295,1.923,1.92625
2708,1.9275,1.9091,1.9183
2709,1.9197,1.9105,1.9151
2710,1.9249,1.9145,1.9197
2711,1.9245,1.9195,1.922
2712,1.923,1.9175,1.92025
2713,1.918,1.9085,1.91325
2714,1.9176,1.906,1.9118
2715,1.9195,1.9135,1.9165
2716,1.9232,1.9127,1.91795
2717,1.9165,1.9113,1.9139
2718,1.9205,1.9155,1.918
2719,1.9245,1.9165,1.9205
2720,1.9225,1.9133,1.9179
2721,1.9158,1.9104,1.9131
2722,1.9125,1.8991,1.9058
2723,1.9123,1.901,1.90665
2724,1.9135,1.9071,1.9103
2725,1.9112,1.9039,1.90755
2726,1.9092,1.901,1.9051
2727,1.9057,1.9,1.90285
2728,1.904,1.8966,1.9003
2729,1.9,1.8895,1.89475
2730,1.8925,1.887,1.88975
2731,1.8945,1.89,1.89225
2732,1.8979,1.888,1.89295
2733,1.895,1.8904,1.8927
2734,1.9051,1.892,1.89855
2735,1.91,1.9035,1.90675
2736,1.9075,1.8986,1.90305
2737,1.9119,1.8995,1.9057
2738,1.9073,1.9015,1.9044
2739,1.9015,1.8945,1.898
2740,1.8995,1.8956,1.89755
2741,1.9045,1.8938,1.89915
2742,1.8985,1.8907,1.8946
2743,1.8946,1.889,1.8918
2744,1.9014,1.8915,1.89645
2745,1.894,1.8791,1.88655
2746,1.8843,1.878,1.88115
2747,1.8853,1.8805,1.8829
2748,1.8865,1.881,1.88375
2749,1.885,1.8766,1.8808
2750,1.8842,1.878,1.8811
2751,1.8835,1.8754,1.87945
2752,1.879,1.876,1.8775
2753,1.8812,1.8735,1.87735
2754,1.883,1.8775,1.88025
2755,1.884,1.8772,1.8806
2756,1.8885,1.882,1.88525
2757,1.8919,1.8855,1.8887
2758,1.8982,1.8845,1.89135
2759,1.8965,1.889,1.89275
2760,1.8923,1.8885,1.8904
2761,1.894,1.8846,1.8893
2762,1.8953,1.886,1.89065
2763,1.895,1.8885,1.89175
2764,1.8915,1.8844,1.88795
2765,1.8925,1.8884,1.89045
2766,1.8993,1.892,1.89565
2767,1.8992,1.8918,1.8955
2768,1.9054,1.892,1.8987
2769,1.908,1.9015,1.90475
2770,1.904,1.8995,1.90175
2771,1.9035,1.8955,1.8995
2772,1.9013,1.8965,1.8989
2773,1.9013,1.8855,1.8934
2774,1.8905,1.8741,1.8823
2775,1.88,1.877,1.8785
2776,1.8815,1.8765,1.879
2777,1.8871,1.8778,1.88245
2778,1.8844,1.8792,1.8818
2779,1.8921,1.8825,1.8873
2780,1.8904,1.8904,1.8904
2781,1.9065,1.888,1.89725
2782,1.906,1.8975,1.90175
2783,1.9,1.894,1.897
2784,1.8995,1.8884,1.89395
2785,1.8935,1.888,1.89075
2786,1.8951,1.8867,1.8909
2787,1.8939,1.89,1.89195
2788,1.893,1.8896,1.8913
2789,1.8955,1.892,1.89375
2790,1.8945,1.883,1.88875
2791,1.8845,1.8805,1.8825
2792,1.885,1.879,1.882
2793,1.8849,1.8795,1.8822
2794,1.8865,1.883,1.88475
2795,1.8861,1.8811,1.8836
2796,1.889,1.876,1.8825
2797,1.8794,1.8753,1.87735
2798,1.8785,1.8632,1.87085
2799,1.866,1.8574,1.8617
2800,1.8656,1.8595,1.86255
2801,1.8675,1.8601,1.8638
2802,1.864,1.8578,1.8609
2803,1.8644,1.8565,1.86045
2804,1.8709,1.8605,1.8657
2805,1.8731,1.8651,1.8691
2806,1.8707,1.8634,1.86705
2807,1.8717,1.8645,1.8681
2808,1.8753,1.87,1.87265
2809,1.8802,1.8605,1.87035
2810,1.88,1.874,1.877
2811,1.877,1.8709,1.87395
2812,1.8744,1.8682,1.8713
2813,1.8741,1.8697,1.8719
2814,1.874,1.87,1.872
2815,1.8784,1.8665,1.87245
2816,1.8785,1.869,1.87375
2817,1.872,1.8681,1.87005
2818,1.8775,1.8683,1.8729
2819,1.8745,1.8689,1.8717
2820,1.872,1.8616,1.8668
2821,1.8667,1.8625,1.8646
2822,1.8698,1.8635,1.86665
2823,1.8695,1.8632,1.86635
2824,1.8715,1.863,1.86725
2825,1.872,1.8651,1.86855
2826,1.8774,1.8699,1.87365
2827,1.8839,1.8755,1.8797
2828,1.8825,1.8721,1.8773
2829,1.877,1.8735,1.87525
2830,1.8762,1.8705,1.87335
2831,1.8784,1.8725,1.87545
2832,1.8845,1.8755,1.88
2833,1.8871,1.8809,1.884
2834,1.883,1.8784,1.8807
2835,1.8841,1.8797,1.8819
2836,1.886,1.8785,1.88225
2837,1.886,1.8806,1.8833
2838,1.883,1.8748,1.8789
2839,1.878,1.8753,1.87665
2840,1.8796,1.8733,1.87645
2841,1.877,1.872,1.8745
2842,1.874,1.87,1.872
2843,1.8728,1.8703,1.87155
2844,1.8822,1.8715,1.87685
2845,1.8816,1.8775,1.87955
2846,1.8831,1.8775,1.8803
2847,1.8857,1.8767,1.8812
2848,1.8815,1.8774,1.87945
2849,1.8795,1.8735,1.8765
2850,1.8811,1.8737,1.8774
2851,1.8827,1.8789,1.8808
2852,1.8847,1.879,1.88185
2853,1.8828,1.8774,1.8801
2854,1.882,1.879,1.8805
2855,1.884,1.8791,1.88155
2856,1.8896,1.882,1.8858
2857,1.892,1.8857,1.88885
2858,1.8923,1.8879,1.8901
2859,1.8906,1.8868,1.8887
2860,1.8901,1.8861,1.8881
2861,1.893,1.8873,1.89015
2862,1.8991,1.8918,1.89545
2863,1.9018,1.8963,1.89905
2864,1.9043,1.9008,1.90255
2865,1.9041,1.899,1.90155
2866,1.9083,1.8996,1.90395
2867,1.9078,1.9011,1.90445
2868,1.9174,1.9025,1.90995
2869,1.9183,1.9136,1.91595
2870,1.919,1.9115,1.91525
2871,1.9151,1.9037,1.9094
2872,1.9112,1.904,1.9076
2873,1.9148,1.9086,1.9117
2874,1.9165,1.9097,1.9131
2875,1.9124,1.9011,1.90675
2876,1.9118,1.8996,1.9057
2877,1.9141,1.9086,1.91135
2878,1.9219,1.911,1.91645
2879,1.9228,1.9178,1.9203
2880,1.922,1.9162,1.9191
2881,1.9277,1.9183,1.923
2882,1.9267,1.918,1.92235
2883,1.9231,1.9168,1.91995
2884,1.922,1.9185,1.92025
2885,1.9306,1.92,1.9253
2886,1.9369,1.9273,1.9321
2887,1.9412,1.9348,1.938
2888,1.9403,1.9282,1.93425
2889,1.9396,1.9305,1.93505
2890,1.9453,1.9394,1.94235
2891,1.9415,1.9352,1.93835
2892,1.9471,1.934,1.94055
2893,1.9488,1.9428,1.9458
2894,1.9484,1.9395,1.94395
2895,1.9474,1.94,1.9437
2896,1.9505,1.9432,1.94685
2897,1.9473,1.9395,1.9434
2898,1.9527,1.9417,1.9472
2899,1.9467,1.9411,1.9439
2900,1.952,1.9434,1.9477
2901,1.9579,1.9517,1.9548
2902,1.9663,1.956,1.96115
2903,1.9718,1.9632,1.9675
2904,1.9817,1.9681,1.9749
2905,1.9778,1.966,1.9719
2906,1.9945,1.9792,1.98685
2907,1.9898,1.9805,1.98515
2908,1.999,1.984,1.9915
2909,1.9973,1.9865,1.9919
2910,1.9918,1.9798,1.9858
2911,1.9874,1.9765,1.98195
2912,1.9806,1.975,1.9778
2913,1.98,1.9717,1.97585
2914,1.988,1.973,1.9805
2915,1.9953,1.987,1.99115
2916,1.9969,1.9859,1.9914
2917,1.9939,1.9837,1.9888
2918,1.9925,1.9852,1.98885
2919,2.0089,1.9908,1.99985
2920,2.0147,2.0025,2.0086
2921,2.0162,2.0032,2.0097
2922,2.0099,2.0043,2.0071
2923,2.022,2.0105,2.01625
2924,2.0135,2.0054,2.00945
2925,2.0089,1.9845,1.9967
2926,1.9979,1.9875,1.9927
2927,2.0036,1.9939,1.99875
2928,2.0065,1.986,1.99625
2929,1.9889,1.9766,1.98275
2930,1.9893,1.9766,1.98295
2931,1.9854,1.9755,1.98045
2932,1.9856,1.9726,1.9791
2933,1.9917,1.9837,1.9877
2934,1.9876,1.9806,1.9841
2935,1.9808,1.9624,1.9716
2936,1.9761,1.964,1.97005
2937,1.9772,1.9641,1.97065
2938,1.974,1.9656,1.9698
2939,1.98,1.9692,1.9746
2940,1.9827,1.9754,1.97905
2941,1.9893,1.9783,1.9838
2942,1.9845,1.9747,1.9796
2943,1.9867,1.9785,1.9826
2944,1.987,1.975,1.981
2945,1.9809,1.9728,1.97685
2946,1.9849,1.9752,1.98005
2947,1.9811,1.9676,1.97435
2948,1.9731,1.9664,1.96975
2949,1.974,1.9685,1.97125
2950,1.9839,1.9703,1.9771
2951,1.9836,1.9793,1.98145
2952,1.9868,1.9776,1.9822
2953,1.9865,1.9796,1.98305
2954,1.9855,1.9798,1.98265
2955,1.9975,1.983,1.99025
2956,1.9975,1.9907,1.9941
2957,1.999,1.9886,1.9938
2958,1.9954,1.981,1.9882
2959,1.9829,1.978,1.98045
2960,1.984,1.9723,1.97815
2961,1.9769,1.9703,1.9736
2962,1.9818,1.9741,1.97795
2963,1.984,1.9707,1.97735
2964,1.9728,1.9662,1.9695
2965,1.9721,1.9608,1.96645
2966,1.9796,1.9687,1.97415
2967,1.9859,1.9762,1.98105
2968,1.9876,1.9783,1.98295
2969,1.9858,1.975,1.9804
2970,1.9838,1.9758,1.9798
2971,1.9853,1.9758,1.98055
2972,1.981,1.9728,1.9769
2973,1.9804,1.9749,1.97765
2974,1.9899,1.9806,1.98525
2975,1.9892,1.9828,1.986
2976,1.986,1.9812,1.9836
2977,1.9908,1.9857,1.98825
2978,1.9882,1.9782,1.9832
2979,1.9828,1.9778,1.9803
2980,1.9845,1.9764,1.98045
2981,1.9913,1.9779,1.9846
2982,1.9926,1.9848,1.9887
2983,1.988,1.9834,1.9857
2984,1.9892,1.9857,1.98745
2985,1.9886,1.9792,1.9839
2986,1.9835,1.9803,1.9819
2987,1.9814,1.9697,1.97555
2988,1.9742,1.9698,1.972
2989,1.9765,1.9688,1.97265
2990,1.9801,1.972,1.97605
2991,1.9796,1.9748,1.9772
2992,1.9778,1.9724,1.9751
2993,1.9795,1.9757,1.9776
2994,1.9847,1.9729,1.9788
2995,1.9867,1.983,1.98485
2996,1.9864,1.9815,1.98395
2997,1.9908,1.9835,1.98715
2998,2.0004,1.989,1.9947
2999,1.9975,1.9935,1.9955
3000,2.0041,1.9972,2.00065
3001,2.005,1.9941,1.99955
3002,2.0097,1.9989,2.0043
3003,2.0149,2.0074,2.01115
3004,2.017,2.0095,2.01325
3005,2.0137,2.0068,2.01025
3006,2.0129,2.0048,2.00885
3007,2.01,2.0029,2.00645
3008,2.0096,2.0013,2.00545
3009,2.0119,2.0062,2.00905
3010,2.014,2.0008,2.0074
3011,2.0045,1.999,2.00175
3012,2.004,1.9979,2.00095
3013,2.0033,1.9961,1.9997
3014,1.997,1.991,1.994
3015,1.9936,1.9896,1.9916
3016,1.994,1.9876,1.9908
3017,1.9959,1.9889,1.9924
3018,1.9956,1.9915,1.99355
3019,1.9983,1.9861,1.9922
3020,2.0001,1.9957,1.9979
3021,2.0029,1.9963,1.9996
3022,2.0018,1.9971,1.99945
3023,2.0128,1.9998,2.0063
3024,2.0118,2.0068,2.0093
3025,2.014,2.0071,2.01055
3026,2.01,2.006,2.008
3027,2.0197,2.0077,2.0137
3028,2.026,2.017,2.0215
3029,2.0249,2.0195,2.0222
3030,2.0335,2.0211,2.0273
3031,2.0283,2.0224,2.02535
3032,2.0288,2.0243,2.02655
3033,2.0276,2.0244,2.026
3034,2.0317,2.0216,2.02665
3035,2.0326,2.0255,2.02905
3036,2.0325,2.0295,2.031
3037,2.0375,2.0329,2.0352
3038,2.0441,2.0362,2.04015
3039,2.0483,2.0408,2.04455
3040,2.0504,2.0454,2.0479
3041,2.0504,2.0454,2.0479
3042,2.0497,2.0333,2.0415
3043,2.0437,2.0342,2.03895
3044,2.0493,2.0416,2.04545
3045,2.0468,2.0399,2.04335
3046,2.0534,2.036,2.0447
3047,2.0538,2.0495,2.05165
3048,2.0586,2.047,2.0528
3049,2.0582,2.0528,2.0555
3050,2.0598,2.0537,2.05675
3051,2.0592,2.0506,2.0549
3052,2.0628,2.0547,2.05875
3053,2.068,2.0607,2.06435
3054,2.069,2.063,2.066
3055,2.0733,2.0634,2.06835
3056,2.0737,2.0686,2.07115
3057,2.078,2.0706,2.0743
3058,2.085,2.074,2.0795
3059,2.0905,2.0781,2.0843
3060,2.0858,2.0784,2.0821
3061,2.09,2.0808,2.0854
3062,2.0844,2.0733,2.07885
3063,2.0831,2.0724,2.07775
3064,2.0791,2.0695,2.0743
3065,2.0905,2.077,2.08375
3066,2.0936,2.0739,2.08375
3067,2.0863,2.0765,2.0814
3068,2.0836,2.0733,2.07845
3069,2.0828,2.0725,2.07765
3070,2.076,2.0667,2.07135
3071,2.077,2.0705,2.07375
3072,2.086,2.0705,2.07825
3073,2.085,2.0758,2.0804
3074,2.0791,2.0677,2.0734
3075,2.0756,2.0679,2.07175
3076,2.0765,2.0665,2.0715
3077,2.0836,2.0744,2.079
3078,2.0846,2.075,2.0798
3079,2.0806,2.0708,2.0757
3080,2.0822,2.0744,2.0783
3081,2.0811,2.073,2.07705
3082,2.0836,2.0735,2.07855
3083,2.0807,2.0736,2.07715
3084,2.0899,2.0769,2.0834
3085,2.0936,2.0877,2.09065
3086,2.1005,2.0886,2.09455
3087,2.1012,2.0927,2.09695
3088,2.1066,2.0968,2.1017
3089,2.1066,2.1001,2.10335
3090,2.1084,2.1006,2.1045
3091,2.1056,2.0983,2.10195
3092,2.1008,2.0795,2.09015
3093,2.0819,2.069,2.07545
3094,2.0843,2.0589,2.0716
3095,2.0655,2.0544,2.05995
3096,2.0655,2.0555,2.0605
3097,2.0675,2.053,2.06025
3098,2.0622,2.0501,2.05615
3099,2.0674,2.0568,2.0621
3100,2.0722,2.0633,2.06775
3101,2.0703,2.0622,2.06625
3102,2.0744,2.0674,2.0709
3103,2.0802,2.0671,2.07365
3104,2.0921,2.0782,2.08515
3105,2.0933,2.0867,2.09
3106,2.0958,2.0751,2.08545
3107,2.079,2.0686,2.0738
3108,2.0768,2.0685,2.07265
3109,2.0687,2.0561,2.0624
3110,2.0724,2.0642,2.0683
3111,2.0783,2.0677,2.073
3112,2.083,2.075,2.079
3113,2.0788,2.0694,2.0741
3114,2.081,2.0718,2.0764
3115,2.0821,2.0739,2.078
3116,2.092,2.0784,2.0852
3117,2.0976,2.0868,2.0922
3118,2.0896,2.0873,2.08845
3119,2.091,2.082,2.0865
3120,2.1002,2.0849,2.09255
3121,2.0985,2.092,2.09525
3122,2.1045,2.0941,2.0993
3123,2.1051,2.0958,2.10045
3124,2.1076,2.0977,2.10265
3125,2.1075,2.0933,2.1004
3126,2.1189,2.1064,2.11265
3127,2.1287,2.1156,2.12215
3128,2.1271,2.1187,2.1229
3129,2.1303,2.1205,2.1254
3130,2.1453,2.1277,2.1365
3131,2.144,2.133,2.1385
3132,2.1506,2.1311,2.14085
3133,2.1535,2.1438,2.14865
3134,2.1624,2.1495,2.15595
3135,2.1572,2.1464,2.1518
3136,2.1536,2.1471,2.15035
3137,2.1491,2.1376,2.14335
3138,2.158,2.1372,2.1476
3139,2.174,2.1623,2.16815
3140,2.1716,2.1607,2.16615
3141,2.1744,2.1666,2.1705
3142,2.173,2.1623,2.16765
3143,2.1818,2.1668,2.1743
3144,2.1868,2.1802,2.1835
3145,2.1923,2.1821,2.1872
3146,2.1845,2.1706,2.17755
3147,2.1902,2.1693,2.17975
3148,2.1916,2.1742,2.1829
3149,2.177,2.1652,2.1711
3150,2.178,2.1688,2.1734
3151,2.1748,2.167,2.1709
3152,2.1887,2.1632,2.17595
3153,2.188,2.1685,2.17825
3154,2.1788,2.1657,2.17225
3155,2.174,2.1671,2.17055
3156,2.1782,2.166,2.1721
3157,2.1806,2.1708,2.1757
3158,2.1876,2.1738,2.1807
3159,2.1929,2.1825,2.1877
3160,2.187,2.177,2.182
3161,2.1805,2.1665,2.1735
3162,2.1743,2.1584,2.16635
3163,2.1733,2.1553,2.1643
3164,2.1611,2.1508,2.15595
3165,2.1582,2.1477,2.15295
3166,2.1624,2.1494,2.1559
3167,2.1545,2.1422,2.14835
3168,2.1468,2.1401,2.14345
3169,2.1505,2.1401,2.1453
3170,2.161,2.1506,2.1558
3171,2.1569,2.1507,2.1538
3172,2.1542,2.1434,2.1488
3173,2.1501,2.1451,2.1476
3174,2.1471,2.1308,2.13895
3175,2.1352,2.1259,2.13055
3176,2.1366,2.1309,2.13375
3177,2.1391,2.1314,2.13525
3178,2.1384,2.1276,2.133
3179,2.1307,2.1242,2.12745
3180,2.1337,2.1155,2.1246
3181,2.123,2.1114,2.1172
3182,2.1248,2.1157,2.12025
3183,2.1305,2.1173,2.1239
3184,2.1352,2.1245,2.12985
3185,2.1372,2.1309,2.13405
3186,2.1488,2.1318,2.1403
3187,2.151,2.1424,2.1467
3188,2.155,2.1444,2.1497
3189,2.1519,2.1455,2.1487
3190,2.154,2.1455,2.14975
3191,2.1461,2.1339,2.14
3192,2.1368,2.1227,2.12975
3193,2.1274,2.1137,2.12055
3194,2.1375,2.1261,2.1318
3195,2.138,2.1306,2.1343
3196,2.1425,2.1325,2.1375
3197,2.1418,2.132,2.1369
3198,2.1382,2.1289,2.13355
3199,2.1379,2.1266,2.13225
3200,2.1372,2.1284,2.1328
3201,2.1331,2.1221,2.1276
3202,2.1339,2.1228,2.12835
3203,2.1289,2.1238,2.12635
3204,2.1267,2.1128,2.11975
3205,2.115,2.1058,2.1104
3206,2.1146,2.1084,2.1115
3207,2.112,2.0885,2.10025
3208,2.0937,2.0837,2.0887
3209,2.0918,2.0825,2.08715
3210,2.091,2.0793,2.08515
3211,2.093,2.0836,2.0883
3212,2.0912,2.0815,2.08635
3213,2.0997,2.0874,2.09355
3214,2.1016,2.0956,2.0986
3215,2.0969,2.0812,2.08905
3216,2.087,2.0764,2.0817
3217,2.0942,2.0812,2.0877
3218,2.1111,2.092,2.10155
3219,2.113,2.105,2.109
3220,2.1238,2.1058,2.1148
3221,2.1236,2.1165,2.12005
3222,2.1271,2.1156,2.12135
3223,2.1323,2.1138,2.12305
3224,2.131,2.1248,2.1279
3225,2.1317,2.1161,2.1239
3226,2.1301,2.114,2.12205
3227,2.1345,2.1228,2.12865
3228,2.1382,2.1238,2.131
3229,2.1505,2.1386,2.14455
3230,2.1528,2.1449,2.14885
3231,2.1494,2.143,2.1462
3232,2.1533,2.1462,2.14975
3233,2.1501,2.144,2.14705
3234,2.1596,2.1398,2.1497
3235,2.1735,2.1572,2.16535
3236,2.1723,2.1645,2.1684
3237,2.1767,2.1664,2.17155
3238,2.172,2.1554,2.1637
3239,2.1721,2.1536,2.16285
3240,2.1811,2.17,2.17555
3241,2.1837,2.1762,2.17995
3242,2.1859,2.1688,2.17735
3243,2.1848,2.1705,2.17765
3244,2.1813,2.1655,2.1734
3245,2.1767,2.1585,2.1676
3246,2.1745,2.1594,2.16695
3247,2.1697,2.1569,2.1633
3248,2.1682,2.1548,2.1615
3249,2.173,2.1601,2.16655
3250,2.1701,2.1621,2.1661
3251,2.1827,2.1652,2.17395
3252,2.1844,2.1758,2.1801
3253,2.1855,2.1764,2.18095
3254,2.1787,2.172,2.17535
3255,2.1749,2.1658,2.17035
3256,2.1721,2.166,2.16905
3257,2.1758,2.1619,2.16885
3258,2.1656,2.1565,2.16105
3259,2.1617,2.1429,2.1523
3260,2.1511,2.143,2.14705
3261,2.1501,2.1414,2.14575
3262,2.1462,2.1389,2.14255
3263,2.1542,2.1409,2.14755
3264,2.1533,2.1469,2.1501
3265,2.1529,2.1447,2.1488
3266,2.166,2.1507,2.15835
3267,2.174,2.163,2.1685
3268,2.1802,2.1729,2.17655
3269,2.1846,2.1729,2.17875
3270,2.1959,2.1735,2.1847
3271,2.1978,2.1875,2.19265
3272,2.1972,2.1875,2.19235
3273,2.1941,2.1859,2.19
3274,2.1915,2.176,2.18375
3275,2.1818,2.1754,2.1786
3276,2.195,2.1773,2.18615
3277,2.1942,2.1888,2.1915
3278,2.2018,2.19,2.1959
3279,2.204,2.1939,2.19895
3280,2.2092,2.1944,2.2018
3281,2.2129,2.2066,2.20975
3282,2.216,2.203,2.2095
3283,2.2171,2.2065,2.2118
3284,2.2239,2.2153,2.2196
3285,2.2276,2.2187,2.22315
3286,2.2266,2.2154,2.221
3287,2.2233,2.2113,2.2173
3288,2.2307,2.2198,2.22525
3289,2.2325,2.2131,2.2228
3290,2.236,2.2299,2.23295
3291,2.2419,2.2298,2.23585
3292,2.2433,2.2359,2.2396
3293,2.2433,2.2343,2.2388
3294,2.245,2.2359,2.24045
3295,2.2427,2.2387,2.2407
3296,2.247,2.239,2.243
3297,2.2465,2.2438,2.24515
3298,2.2466,2.2429,2.24475
3299,2.251,2.2428,2.2469
3300,2.2563,2.2481,2.2522
3301,2.2649,2.2546,2.25975
3302,2.2475,2.2475,2.2475
3303,2.2627,2.2527,2.2577
3304,2.2697,2.2581,2.2639
3305,2.2813,2.2668,2.27405
3306,2.2744,2.2634,2.2689
3307,2.278,2.2562,2.2671
3308,2.2868,2.2705,2.27865
3309,2.2899,2.2737,2.2818
3310,2.2795,2.2711,2.2753
3311,2.2787,2.2632,2.27095
3312,2.267,2.257,2.262
3313,2.2608,2.2352,2.248
3314,2.2422,2.2335,2.23785
3315,2.2597,2.2348,2.24725
3316,2.2671,2.2552,2.26115
3317,2.275,2.2625,2.26875
3318,2.2774,2.2562,2.2668
3319,2.2613,2.2462,2.25375
3320,2.2653,2.2442,2.25475
3321,2.2662,2.2465,2.25635
3322,2.2527,2.236,2.24435
3323,2.2493,2.2352,2.24225
3324,2.2486,2.239,2.2438
3325,2.2597,2.2418,2.25075
3326,2.256,2.2492,2.2526
3327,2.2637,2.2523,2.258
3328,2.2725,2.2514,2.26195
3329,2.2765,2.2574,2.26695
3330,2.2787,2.2685,2.2736
3331,2.2837,2.265,2.27435
3332,2.2845,2.279,2.28175
3333,2.2895,2.2716,2.28055
3334,2.2786,2.272,2.2753
3335,2.2872,2.2759,2.28155
3336,2.293,2.2664,2.2797
3337,2.2735,2.2648,2.26915
3338,2.276,2.2495,2.26275
3339,2.2595,2.2452,2.25235
3340,2.2712,2.2526,2.2619
3341,2.2705,2.2476,2.25905
3342,2.2515,2.2385,2.245
3343,2.2505,2.2373,2.2439
3344,2.254,2.2425,2.24825
3345,2.2468,2.2197,2.23325
3346,2.2224,2.2056,2.214
3347,2.224,2.2137,2.21885
3348,2.2433,2.2177,2.2305
3349,2.2418,2.2339,2.23785
3350,2.2455,2.2278,2.23665
3351,2.2341,2.22,2.22705
3352,2.2349,2.2164,2.22565
3353,2.2385,2.2173,2.2279
3354,2.2316,2.2184,2.225
3355,2.2371,2.223,2.23005
3356,2.2287,2.2178,2.22325
3357,2.2431,2.2323,2.2377
3358,2.2407,2.2258,2.23325
3359,2.2401,2.2224,2.23125
3360,2.2368,2.2268,2.2318
3361,2.2366,2.2119,2.22425
3362,2.22,2.2098,2.2149
3363,2.2213,2.207,2.21415
3364,2.2168,2.2048,2.2108
3365,2.2229,2.2154,2.21915
3366,2.232,2.2166,2.2243
3367,2.2388,2.2256,2.2322
3368,2.2372,2.2103,2.22375
3369,2.2127,2.1985,2.2056
3370,2.2121,2.1984,2.20525
3371,2.2196,2.2052,2.2124
3372,2.2218,2.2065,2.21415
3373,2.2115,2.2066,2.20905
3374,2.2098,2.2054,2.2076
3375,2.2082,2.1906,2.1994
3376,2.1967,2.1868,2.19175
3377,2.1991,2.1893,2.1942
3378,2.2046,2.1926,2.1986
3379,2.2077,2.2002,2.20395
3380,2.2023,2.1845,2.1934
3381,2.1915,2.1817,2.1866
3382,2.1907,2.1779,2.1843
3383,2.1943,2.1796,2.18695
3384,2.1884,2.1762,2.1823
3385,2.1947,2.1835,2.1891
3386,2.1952,2.1823,2.18875
3387,2.1983,2.1807,2.1895
3388,2.201,2.1921,2.19655
3389,2.1999,2.1922,2.19605
3390,2.2118,2.1928,2.2023
3391,2.218,2.2098,2.2139
3392,2.2174,2.206,2.2117
3393,2.2148,2.1878,2.2013
3394,2.1892,2.1814,2.1853
3395,2.189,2.1788,2.1839
3396,2.1939,2.1836,2.18875
3397,2.1928,2.1775,2.18515
3398,2.1901,2.178,2.18405
3399,2.2059,2.188,2.19695
3400,2.2039,2.1932,2.19855
3401,2.2042,2.194,2.1991
3402,2.2019,2.1897,2.1958
3403,2.2068,2.1954,2.2011
3404,2.2022,2.1935,2.19785
3405,2.2126,2.1988,2.2057
3406,2.2142,2.208,2.2111
3407,2.2291,2.209,2.21905
3408,2.2294,2.2203,2.22485
3409,2.2242,2.2183,2.22125
3410,2.2264,2.2158,2.2211
3411,2.2306,2.2208,2.2257
3412,2.225,2.2171,2.22105
3413,2.2296,2.214,2.2218
3414,2.2337,2.2293,2.2315
3415,2.235,2.2248,2.2299
3416,2.2273,2.2038,2.21555
3417,2.2115,2.2027,2.2071
3418,2.2114,2.1967,2.20405
3419,2.2085,2.1956,2.20205
3420,2.2168,2.2032,2.21
3421,2.2167,2.1982,2.20745
3422,2.2068,2.1993,2.20305
3423,2.2144,2.1976,2.206
3424,2.2145,2.2078,2.21115
3425,2.2129,2.2067,2.2098
3426,2.2191,2.2067,2.2129
3427,2.2187,2.2043,2.2115
3428,2.2189,2.211,2.21495
3429,2.2227,2.2124,2.21755
3430,2.2191,2.2071,2.2131
3431,2.2205,2.2068,2.21365
3432,2.2207,2.2135,2.2171
3433,2.2326,2.2147,2.22365
3434,2.2334,2.227,2.2302
3435,2.2328,2.2266,2.2297
3436,2.2387,2.2276,2.23315
3437,2.2405,2.2342,2.23735
3438,2.242,2.2372,2.2396
3439,2.2434,2.2384,2.2409
3440,2.2412,2.2302,2.2357
3441,2.242,2.2321,2.23705
3442,2.2388,2.233,2.2359
3443,2.246,2.2328,2.2394
3444,2.246,2.2401,2.24305
3445,2.2451,2.2301,2.2376
3446,2.2349,2.2212,2.22805
3447,2.2292,2.2235,2.22635
3448,2.2265,2.2089,2.2177
3449,2.217,2.2091,2.21305
3450,2.2188,2.2037,2.21125
3451,2.2076,2.2002,2.2039
3452,2.2095,2.1993,2.2044
3453,2.2118,2.2003,2.20605
3454,2.2092,2.2026,2.2059
3455,2.2075,2.1996,2.20355
3456,2.2066,2.197,2.2018
3457,2.2072,2.2022,2.2047
3458,2.2282,2.2047,2.21645
3459,2.2289,2.2247,2.2268
3460,2.2318,2.2233,2.22755
3461,2.2247,2.2197,2.2222
3462,2.2304,2.2216,2.226
3463,2.2372,2.218,2.2276
3464,2.2381,2.2317,2.2349
3465,2.2385,2.2311,2.2348
3466,2.2364,2.2292,2.2328
3467,2.2378,2.2325,2.23515
3468,2.2378,2.2278,2.2328
3469,2.2315,2.2133,2.2224
3470,2.2166,2.2064,2.2115
3471,2.2115,2.2053,2.2084
3472,2.2115,2.2043,2.2079
3473,2.2134,2.2009,2.20715
3474,2.2068,2.1989,2.20285
3475,2.2192,2.2045,2.21185
3476,2.2218,2.2147,2.21825
3477,2.2199,2.2143,2.2171
3478,2.2193,2.2043,2.2118
3479,2.2077,2.2049,2.2063
3480,2.211,2.2056,2.2083
3481,2.219,2.2028,2.2109
3482,2.2206,2.216,2.2183
3483,2.2311,2.2199,2.2255
3484,2.2285,2.2224,2.22545
3485,2.2294,2.2227,2.22605
3486,2.2259,2.2135,2.2197
3487,2.2196,2.2123,2.21595
3488,2.2221,2.216,2.21905
3489,2.2183,2.2127,2.2155
3490,2.2345,2.2169,2.2257
3491,2.2333,2.2227,2.228
3492,2.2333,2.2255,2.2294
3493,2.2362,2.2238,2.23
3494,2.2314,2.2249,2.22815
3495,2.2347,2.2282,2.23145
3496,2.2339,2.229,2.23145
3497,2.2434,2.2315,2.23745
3498,2.2438,2.2387,2.24125
3499,2.2397,2.2259,2.2328
3500,2.2328,2.2264,2.2296
3501,2.2321,2.2249,2.2285
3502,2.2312,2.2273,2.22925
3503,2.2432,2.2284,2.2358
3504,2.2421,2.2374,2.23975
3505,2.2389,2.2289,2.2339
3506,2.2357,2.2227,2.2292
3507,2.2418,2.2322,2.237
3508,2.2503,2.238,2.24415
3509,2.2533,2.2464,2.24985
3510,2.2525,2.2454,2.24895
3511,2.2628,2.2501,2.25645
3512,2.2651,2.2574,2.26125
3513,2.2658,2.2598,2.2628
3514,2.2829,2.2712,2.27705
3515,2.2842,2.2726,2.2784
3516,2.2814,2.2696,2.2755
3517,2.2766,2.2631,2.26985
3518,2.2794,2.2707,2.27505
3519,2.2833,2.2717,2.2775
3520,2.2755,2.2665,2.271
3521,2.2829,2.2656,2.27425
3522,2.2898,2.279,2.2844
3523,2.2969,2.276,2.28645
3524,2.2987,2.2905,2.2946
3525,2.2939,2.2883,2.2911
3526,2.3006,2.2848,2.2927
3527,2.2912,2.2858,2.2885
3528,2.2989,2.2872,2.29305
3529,2.2999,2.2915,2.2957
3530,2.2997,2.2917,2.2957
3531,2.3045,2.2955,2.3
3532,2.3072,2.2944,2.3008
3533,2.3068,2.2938,2.3003
3534,2.3053,2.3011,2.3032
3535,2.3108,2.2975,2.30415
3536,2.318,2.308,2.313
3537,2.3245,2.3163,2.3204
3538,2.3327,2.3188,2.32575
3539,2.3305,2.3229,2.3267
3540,2.3336,2.3231,2.32835
3541,2.3337,2.3276,2.33065
3542,2.3385,2.3236,2.33105
3543,2.3461,2.3256,2.33585
3544,2.3455,2.339,2.34225
3545,2.347,2.339,2.343
3546,2.3433,2.3196,2.33145
3547,2.3361,2.3255,2.3308
3548,2.3318,2.3139,2.32285
3549,2.3325,2.3191,2.3258
3550,2.3338,2.3262,2.33
3551,2.3441,2.3262,2.33515
3552,2.3429,2.3203,2.3316
3553,2.3317,2.3227,2.3272
3554,2.341,2.3298,2.3354
3555,2.3409,2.3353,2.3381
3556,2.3405,2.3344,2.33745
3557,2.3518,2.3381,2.34495
3558,2.3548,2.3485,2.35165
3559,2.364,2.3515,2.35775
3560,2.3644,2.3591,2.36175
3561,2.3647,2.3566,2.36065
3562,2.367,2.3574,2.3622
3563,2.3661,2.3513,2.3587
3564,2.3581,2.3381,2.3481
3565,2.3497,2.325,2.33735
3566,2.3304,2.3218,2.3261
3567,2.3283,2.3155,2.3219
3568,2.3251,2.3025,2.3138
3569,2.3118,2.3048,2.3083
3570,2.3174,2.3069,2.31215
3571,2.3293,2.3083,2.3188
3572,2.3268,2.3191,2.32295
3573,2.3221,2.3057,2.3139
3574,2.3128,2.3064,2.3096
3575,2.3076,2.2995,2.30355
3576,2.3119,2.2964,2.30415
3577,2.3024,2.2922,2.2973
3578,2.3068,2.2933,2.30005
3579,2.3097,2.3029,2.3063
3580,2.3076,2.2944,2.301
3581,2.3109,2.2967,2.3038
3582,2.3125,2.301,2.30675
3583,2.308,2.2985,2.30325
3584,2.3059,2.2975,2.3017
3585,2.3066,2.3001,2.30335
3586,2.3094,2.3009,2.30515
3587,2.3038,2.294,2.2989
3588,2.3043,2.2863,2.2953
3589,2.2875,2.2732,2.28035
3590,2.2798,2.2733,2.27655
3591,2.2815,2.2739,2.2777
3592,2.2906,2.2739,2.28225
3593,2.2897,2.2846,2.28715
3594,2.299,2.2866,2.2928
3595,3.028,3.0052,3.0166
3596,3.0342,3.0215,3.02785
3597,3.04,3.0285,3.03425
3598,3.0412,3.0276,3.0344
3599,3.033,3.0256,3.0293
3600,3.03,3.0205,3.02525
3601,3.0337,3.0245,3.0291
3602,3.032,3.0263,3.02915
3603,3.0315,3.0237,3.0276
3604,3.0223,3.0112,3.01675
3605,3.0145,3.0075,3.011
3606,3.014,3.0075,3.01075
3607,3.0127,3.0086,3.01065
3608,3.0186,3.0075,3.01305
3609,3.019,3.0048,3.0119
3610,3.007,3.0001,3.00355
3611,3.0095,2.999,3.00425
3612,3.0055,2.9995,3.0025
3613,3.003,2.9869,2.99495
3614,2.989,2.9738,2.9814
3615,2.9825,2.9667,2.9746
3616,2.9779,2.9665,2.9722
3617,2.98,2.969,2.9745
3618,2.9947,2.9715,2.9831
3619,2.994,2.9751,2.98455
3620,2.983,2.9755,2.97925
3621,2.9915,2.9785,2.985
3622,2.9967,2.985,2.99085
3623,2.996,2.9832,2.9896
3624,2.9879,2.979,2.98345
3625,2.9915,2.9777,2.9846
3626,2.9861,2.9765,2.9813
3627,2.987,2.979,2.983
3628,2.9955,2.9837,2.9896
3629,2.99,2.9811,2.98555
3630,2.989,2.9845,2.98675
3631,3.0081,2.987,2.99755
3632,3.028,3.0052,3.0166
3633,3.0342,3.0215,3.02785
3634,3.04,3.0285,3.03425
3635,3.0412,3.0276,3.0344
3636,3.033,3.0256,3.0293
3637,3.03,3.0205,3.02525
3638,3.0337,3.0245,3.0291
3639,3.032,3.0263,3.02915
3640,3.0315,3.0237,3.0276
3641,3.0223,3.0112,3.01675
3642,3.0145,3.0075,3.011
3643,3.014,3.0075,3.01075
3644,3.0127,3.0086,3.01065
3645,3.0186,3.0075,3.01305
3646,3.019,3.0048,3.0119
3647,3.007,3.0001,3.00355
3648,3.0095,2.999,3.00425
3649,3.0055,2.9995,3.0025
3650,3.003,2.9869,2.99495
3651,2.989,2.9738,2.9814
3652,2.9825,2.9667,2.9746
3653,2.9779,2.9665,2.9722
3654,2.98,2.969,2.9745
3655,2.9947,2.9715,2.9831
3656,2.994,2.9751,2.98455
3657,2.983,2.9755,2.97925
3658,2.9915,2.9785,2.985
3659,2.9967,2.985,2.99085
3660,2.996,2.9832,2.9896
3661,2.9879,2.979,2.98345
3662,2.9915,2.9777,2.9846
3663,2.9861,2.9765,2.9813
3664,2.987,2.979,2.983
3665,2.9955,2.9837,2.9896
3666,2.99,2.9811,2.98555
3667,2.989,2.9845,2.98675
3668,3.0081,2.987,2.99755
3669,3.009,3.0011,3.00505
3670,3.004,2.9888,2.9964
3671,2.9925,2.9725,2.9825
3672,2.9745,2.939,2.95675
3673,2.987,2.9645,2.97575
3674,2.9767,2.9625,2.9696
3675,2.9795,2.9612,2.97035
3676,2.968,2.9591,2.96355
3677,2.967,2.956,2.9615
3678,2.9625,2.9528,2.95765
3679,2.9632,2.9522,2.9577
3680,2.9698,2.9595,2.96465
3681,2.9685,2.9599,2.9642
3682,2.973,2.9615,2.96725
3683,2.9683,2.9592,2.96375
3684,2.9712,2.964,2.9676
3685,2.974,2.9645,2.96925
3686,2.9731,2.9658,2.96945
3687,2.9745,2.9685,2.9715
3688,2.9735,2.9632,2.96835
3689,2.963,2.9579,2.96045
3690,2.9732,2.96,2.9666
3691,2.9773,2.9674,2.97235
3692,2.979,2.9633,2.97115
3693,2.9699,2.9598,2.96485
3694,2.96,2.9477,2.95385
3695,2.9624,2.9512,2.9568
3696,2.963,2.953,2.958
3697,2.9604,2.95,2.9552
3698,2.9756,2.9516,2.9636
3699,2.971,2.9595,2.96525
3700,2.9645,2.9567,2.9606
3701,2.9615,2.9537,2.9576
3702,2.9627,2.9535,2.9581
3703,2.9646,2.9564,2.9605
3704,2.96,2.952,2.956
3705,2.9595,2.9513,2.9554
3706,2.962,2.951,2.9565
3707,2.967,2.9522,2.9596
3708,2.9525,2.9426,2.94755
3709,2.949,2.936,2.9425
3710,2.9425,2.9358,2.93915
3711,2.9397,2.9366,2.93815
3712,2.9449,2.9365,2.9407
3713,2.9395,2.9163,2.9279
3714,2.925,2.9175,2.92125
3715,2.9249,2.906,2.91545
3716,2.9136,2.903,2.9083
3717,2.9171,2.9071,2.9121
3718,2.9172,2.9033,2.91025
3719,2.9106,2.8886,2.8996
3720,2.897,2.8845,2.89075
3721,2.9011,2.8905,2.8958
3722,2.9045,2.8919,2.8982
3723,2.908,2.8945,2.90125
3724,2.9128,2.905,2.9089
3725,2.9107,2.8992,2.90495
3726,2.9199,2.898,2.90895
3727,2.919,2.9122,2.9156
3728,2.9105,2.9024,2.90645
3729,2.903,2.889,2.896
3730,2.896,2.8905,2.89325
3731,2.9002,2.8845,2.89235
3732,2.9074,2.8955,2.90145
3733,2.9155,2.9017,2.9086
3734,2.9126,2.903,2.9078
3735,2.913,2.898,2.9055
3736,2.934,2.911,2.9225
3737,2.9335,2.924,2.92875
3738,2.941,2.9245,2.93275
3739,2.9375,2.928,2.93275
3740,2.938,2.9283,2.93315
3741,2.9504,2.9297,2.94005
3742,2.949,2.9413,2.94515
3743,2.96,2.945,2.9525
3744,2.9627,2.953,2.95785
3745,2.9702,2.9513,2.96075
3746,2.957,2.946,2.9515
3747,2.956,2.949,2.9525
3748,2.9626,2.952,2.9573
3749,2.9655,2.9575,2.9615
3750,2.9605,2.95,2.95525
3751,2.9657,2.9485,2.9571
3752,2.9695,2.9576,2.96355
3753,2.962,2.9536,2.9578
3754,2.9545,2.9431,2.9488
3755,2.9475,2.9345,2.941
3756,2.9529,2.934,2.94345
3757,2.9396,2.9295,2.93455
3758,2.9468,2.9355,2.94115
3759,2.947,2.9399,2.94345
3760,2.9536,2.9415,2.94755
3761,2.9602,2.9505,2.95535
3762,2.9545,2.948,2.95125
3763,2.9521,2.946,2.94905
3764,2.9572,2.9505,2.95385
3765,2.9595,2.9495,2.9545
3766,2.9527,2.9458,2.94925
3767,2.9549,2.9475,2.9512
3768,2.9565,2.9492,2.95285
3769,2.9525,2.9392,2.94585
3770,2.9425,2.9329,2.9377
3771,2.939,2.9317,2.93535
3772,2.94,2.934,2.937
3773,2.9365,2.923,2.92975
3774,2.926,2.9193,2.92265
3775,2.9333,2.92,2.92665
3776,2.9381,2.931,2.93455
3777,2.9375,2.931,2.93425
3778,2.9428,2.932,2.9374
3779,2.945,2.938,2.9415
3780,2.944,2.9316,2.9378
3781,2.9335,2.9225,2.928
3782,2.9294,2.922,2.9257
3783,2.9285,2.914,2.92125
3784,2.919,2.9113,2.91515
3785,2.918,2.8997,2.90885
3786,2.91,2.9014,2.9057
3787,2.9112,2.905,2.9081
3788,2.909,2.8987,2.90385
3789,2.9034,2.8963,2.89985
3790,2.9097,2.9005,2.9051
3791,2.914,2.9023,2.90815
3792,2.9068,2.9001,2.90345
3793,2.914,2.9055,2.90975
3794,2.9175,2.9065,2.912
3795,2.9176,2.9117,2.91465
3796,2.9185,2.9062,2.91235
3797,2.9075,2.9009,2.9042
3798,2.9035,2.8949,2.8992
3799,2.9004,2.891,2.8957
3800,2.9051,2.8995,2.9023
3801,2.9072,2.8975,2.90235
3802,2.9045,2.8986,2.90155
3803,2.902,2.8914,2.8967
3804,2.894,2.887,2.8905
3805,2.897,2.8838,2.8904
3806,2.9018,2.8875,2.89465
3807,2.904,2.8965,2.90025
3808,2.899,2.885,2.892
3809,2.8895,2.8688,2.87915
3810,2.8766,2.8635,2.87005
3811,2.874,2.864,2.869
3812,2.8725,2.8565,2.8645
3813,2.8691,2.855,2.86205
3814,2.8705,2.8585,2.8645
3815,2.8735,2.8565,2.865
3816,2.87,2.8535,2.86175
3817,2.8575,2.8512,2.85435
3818,2.8565,2.8476,2.85205
3819,2.852,2.844,2.848
3820,2.8593,2.846,2.85265
3821,2.904,2.8573,2.88065
3822,2.883,2.871,2.877
3823,2.8833,2.873,2.87815
3824,2.8885,2.8782,2.88335
3825,2.8863,2.878,2.88215
3826,2.885,2.875,2.88
3827,2.8855,2.878,2.88175
3828,2.8785,2.873,2.87575
3829,2.878,2.8716,2.8748
3830,2.8786,2.8679,2.87325
3831,2.874,2.8666,2.8703
3832,2.871,2.867,2.869
3833,2.8745,2.866,2.87025
3834,2.8765,2.868,2.87225
3835,2.868,2.8612,2.8646
3836,2.866,2.8529,2.85945
3837,2.856,2.8459,2.85095
3838,2.8556,2.8475,2.85155
3839,2.8575,2.8326,2.84505
3840,2.8445,2.8381,2.8413
3841,2.849,2.8349,2.84195
3842,2.842,2.8349,2.83845
3843,2.84,2.8345,2.83725
3844,2.8385,2.8248,2.83165
3845,2.8321,2.8228,2.82745
3846,2.8444,2.8285,2.83645
3847,2.853,2.839,2.846
3848,2.85,2.838,2.844
3849,2.8614,2.847,2.8542
3850,2.8665,2.8555,2.861
3851,2.88,2.8575,2.86875
3852,2.873,2.8559,2.86445
3853,2.8665,2.8576,2.86205
3854,2.869,2.8517,2.86035
3855,2.8674,2.852,2.8597
3856,2.8705,2.8598,2.86515
3857,2.8665,2.8579,2.8622
3858,2.8615,2.8549,2.8582
3859,2.863,2.8554,2.8592
3860,2.86,2.8516,2.8558
3861,2.8575,2.8482,2.85285
3862,2.8522,2.8463,2.84925
3863,2.853,2.8416,2.8473
3864,2.8485,2.8411,2.8448
3865,2.846,2.8385,2.84225
3866,2.8455,2.8375,2.8415
3867,2.8525,2.839,2.84575
3868,2.858,2.8505,2.85425
3869,2.8658,2.8555,2.86065
3870,2.8737,2.857,2.86535
3871,2.879,2.8701,2.87455
3872,2.8932,2.8755,2.88435
3873,2.8905,2.8787,2.8846
3874,2.892,2.877,2.8845
3875,2.8975,2.8856,2.89155
3876,2.8915,2.8822,2.88685
3877,2.8865,2.875,2.88075
3878,2.884,2.8753,2.87965
3879,2.882,2.8715,2.87675
3880,2.8901,2.8755,2.8828
3881,2.9,2.8905,2.89525
3882,2.9015,2.8924,2.89695
3883,2.8965,2.888,2.89225
3884,2.9095,2.895,2.90225
3885,2.917,2.906,2.9115
3886,2.926,2.9145,2.92025
3887,2.9235,2.9235,2.9235
3888,2.9325,2.9235,2.928
3889,2.934,2.9273,2.93065
3890,2.932,2.9247,2.92835
3891,2.94,2.928,2.934
3892,2.9398,2.9398,2.9398
3893,2.9515,2.937,2.94425
3894,2.957,2.9269,2.94195
3895,2.952,2.9265,2.93925
3896,2.9595,2.9467,2.9531
3897,2.959,2.9468,2.9529
3898,2.9475,2.9385,2.943
3899,2.9465,2.9379,2.9422
3900,2.9554,2.9465,2.95095
3901,2.958,2.9468,2.9524
3902,2.953,2.941,2.947
3903,2.9445,2.9373,2.9409
3904,2.945,2.929,2.937
3905,2.9465,2.935,2.94075
3906,2.9505,2.9339,2.9422
3907,2.9396,2.9271,2.93335
3908,2.945,2.937,2.941
3909,2.937,2.9216,2.9293
3910,2.924,2.9118,2.9179
3911,2.9315,2.9199,2.9257
3912,2.926,2.9177,2.92185
3913,2.928,2.9145,2.92125
3914,2.9365,2.9255,2.931
3915,2.9445,2.936,2.94025
3916,2.942,2.9318,2.9369
3917,2.9441,2.934,2.93905
3918,2.9385,2.9284,2.93345
3919,2.935,2.926,2.9305
3920,2.93,2.9151,2.92255
3921,2.9273,2.913,2.92015
3922,2.933,2.9245,2.92875
3923,2.933,2.9172,2.9251
3924,2.922,2.9166,2.9193
3925,2.9195,2.9028,2.91115
3926,2.9177,2.9045,2.9111
3927,2.9235,2.912,2.91775
3928,2.924,2.9051,2.91455
3929,2.918,2.906,2.912
3930,2.913,2.9016,2.9073
3931,2.9208,2.9025,2.91165
3932,2.9185,2.9079,2.9132
3933,2.9206,2.9085,2.91455
3934,2.9255,2.916,2.92075
3935,2.9321,2.922,2.92705
3936,2.938,2.9285,2.93325
3937,2.9365,2.9284,2.93245
3938,2.9339,2.925,2.92945
3939,2.937,2.9263,2.93165
3940,2.934,2.927,2.9305
3941,2.9375,2.9295,2.9335
3942,2.934,2.926,2.93
3943,2.931,2.9133,2.92215
3944,2.921,2.908,2.9145
3945,2.913,2.8957,2.90435
3946,2.9,2.8913,2.89565
3947,2.9015,2.8935,2.8975
3948,2.909,2.8985,2.90375
3949,2.9125,2.8936,2.90305
3950,2.8965,2.8833,2.8899
3951,2.8965,2.8855,2.891
3952,2.8968,2.8885,2.89265
3953,2.8992,2.8897,2.89445
3954,2.8945,2.8848,2.88965
3955,2.8885,2.8798,2.88415
3956,2.886,2.8755,2.88075
3957,2.8836,2.873,2.8783
3958,2.8969,2.8795,2.8882
3959,2.9051,2.8935,2.8993
3960,2.909,2.894,2.9015
3961,2.9049,2.8925,2.8987
3962,2.9045,2.899,2.90175
3963,2.899,2.8862,2.8926
3964,2.8915,2.881,2.88625
3965,2.8942,2.8837,2.88895
3966,2.8934,2.89,2.8917
3967,2.8905,2.8833,2.8869
3968,2.891,2.8777,2.88435
3969,2.8897,2.8699,2.8798
3970,2.8957,2.881,2.88835
3971,2.9047,2.8955,2.9001
3972,2.9025,2.8945,2.8985
3973,2.901,2.8931,2.89705
3974,2.9001,2.8905,2.8953
3975,2.9041,2.8945,2.8993
3976,2.9055,2.889,2.89725
3977,2.8925,2.8853,2.8889
3978,2.894,2.8855,2.88975
3979,2.8951,2.8885,2.8918
3980,2.8975,2.8882,2.89285
3981,2.901,2.8894,2.8952
3982,2.8935,2.8901,2.8918
3983,2.891,2.8827,2.88685
3984,2.8859,2.8814,2.88365
3985,2.892,2.8781,2.88505
3986,2.8825,2.8737,2.8781
3987,2.876,2.8727,2.87435
3988,2.8799,2.873,2.87645
3989,2.8865,2.875,2.88075
3990,2.888,2.879,2.8835
3991,2.883,2.8756,2.8793
3992,2.882,2.874,2.878
3993,2.8775,2.8626,2.87005
3994,2.8662,2.8548,2.8605
3995,2.8612,2.85,2.8556
3996,2.8625,2.8535,2.858
3997,2.8615,2.858,2.85975
3998,2.861,2.8529,2.85695
3999,2.859,2.8535,2.85625
4000,2.8568,2.8444,2.8506
4001,2.8497,2.8433,2.8465
4002,2.8538,2.8442,2.849
4003,2.8535,2.842,2.84775
4004,2.857,2.8448,2.8509
4005,2.8516,2.8455,2.84855
4006,2.8517,2.846,2.84885
4007,2.854,2.8411,2.84755
4008,2.8535,2.8414,2.84745
4009,2.8568,2.851,2.8539
4010,2.8635,2.8486,2.85605
4011,2.8672,2.86,2.8636
4012,2.8645,2.8575,2.861
4013,2.8612,2.8531,2.85715
4014,2.8557,2.8496,2.85265
4015,2.858,2.8515,2.85475
4016,2.8576,2.851,2.8543
4017,2.8625,2.8565,2.8595
4018,2.865,2.8585,2.86175
4019,2.866,2.8588,2.8624
4020,2.8615,2.8435,2.8525
4021,2.8497,2.8435,2.8466
4022,2.8515,2.8435,2.8475
4023,2.8505,2.8455,2.848
4024,2.8505,2.8435,2.847
4025,2.848,2.8355,2.84175
4026,2.8477,2.8345,2.8411
4027,2.8507,2.844,2.84735
4028,2.8574,2.8485,2.85295
4029,2.8641,2.8535,2.8588
4030,2.859,2.8507,2.85485
4031,2.856,2.851,2.8535
4032,2.86,2.8535,2.85675
4033,2.8608,2.849,2.8549
4034,2.8737,2.857,2.86535
4035,2.8785,2.8679,2.8732
4036,2.8785,2.8703,2.8744
4037,2.8715,2.8654,2.86845
4038,2.8762,2.8685,2.87235
4039,2.8813,2.8715,2.8764
4040,2.8823,2.8748,2.87855
4041,2.8805,2.8724,2.87645
4042,2.8772,2.872,2.8746
4043,2.8782,2.8725,2.87535
4044,2.883,2.8755,2.87925
4045,2.884,2.8785,2.88125
4046,2.8873,2.878,2.88265
4047,2.883,2.8785,2.88075
4048,2.8815,2.875,2.87825
4049,2.8807,2.8735,2.8771
4050,2.8941,2.8805,2.8873
4051,2.8959,2.891,2.89345
4052,2.9007,2.8925,2.8966
4053,2.9035,2.8935,2.8985
4054,2.914,2.902,2.908
4055,2.92,2.9093,2.91465
4056,2.9179,2.91,2.91395
4057,2.92,2.911,2.9155
4058,2.9175,2.9078,2.91265
4059,2.924,2.9135,2.91875
4060,2.9168,2.91,2.9134
4061,2.9165,2.9079,2.9122
4062,2.9124,2.908,2.9102
4063,2.9126,2.9024,2.9075
4064,2.915,2.9085,2.91175
4065,2.918,2.906,2.912
4066,2.92,2.9064,2.9132
4067,2.9105,2.9059,2.9082
4068,2.908,2.8847,2.89635
4069,2.891,2.8855,2.88825
4070,2.8961,2.8825,2.8893
4071,2.9066,2.893,2.8998
4072,2.9075,2.8979,2.9027
4073,2.9165,2.895,2.90575
4074,2.915,2.901,2.908
4075,2.9123,2.9045,2.9084
4076,2.925,2.908,2.9165
4077,2.9335,2.9172,2.92535
4078,2.926,2.9185,2.92225
4079,2.9325,2.923,2.92775
4080,2.9295,2.923,2.92625
4081,2.9275,2.9091,2.9183
4082,2.9197,2.9105,2.9151
4083,2.9249,2.9145,2.9197
4084,2.9245,2.9195,2.922
4085,2.923,2.9175,2.92025
4086,2.918,2.9085,2.91325
4087,2.9176,2.906,2.9118
4088,2.9195,2.9135,2.9165
4089,2.9232,2.9127,2.91795
4090,2.9165,2.9113,2.9139
4091,2.9205,2.9155,2.918
4092,2.9245,2.9165,2.9205
4093,2.9225,2.9133,2.9179
4094,2.9158,2.9104,2.9131
4095,2.9125,2.8991,2.9058
4096,2.9123,2.901,2.90665
4097,2.9135,2.9071,2.9103
4098,2.9112,2.9039,2.90755
4099,2.9092,2.901,2.9051
4100,2.9057,2.9,2.90285
4101,2.904,2.8966,2.9003
4102,2.9,2.8895,2.89475
4103,2.8925,2.887,2.88975
4104,2.8945,2.89,2.89225
4105,2.8979,2.888,2.89295
4106,2.895,2.8904,2.8927
4107,2.9051,2.892,2.89855
4108,2.91,2.9035,2.90675
4109,2.9075,2.8986,2.90305
4110,2.9119,2.8995,2.9057
4111,2.9073,2.9015,2.9044
4112,2.9015,2.8945,2.898
4113,2.8995,2.8956,2.89755
4114,2.9045,2.8938,2.89915
4115,2.8985,2.8907,2.8946
4116,2.8946,2.889,2.8918
4117,2.9014,2.8915,2.89645
4118,2.894,2.8791,2.88655
4119,2.8843,2.878,2.88115
4120,2.8853,2.8805,2.8829
4121,2.8865,2.881,2.88375
4122,2.885,2.8766,2.8808
4123,2.8842,2.878,2.8811
4124,2.8835,2.8754,2.87945
4125,2.879,2.876,2.8775
4126,2.8812,2.8735,2.87735
4127,2.883,2.8775,2.88025
4128,2.884,2.8772,2.8806
4129,2.8885,2.882,2.88525
4130,2.8919,2.8855,2.8887
4131,2.8982,2.8845,2.89135
4132,2.8965,2.889,2.89275
4133,2.8923,2.8885,2.8904
4134,2.894,2.8846,2.8893
4135,2.8953,2.886,2.89065
4136,2.895,2.8885,2.89175
4137,2.8915,2.8844,2.88795
4138,2.8925,2.8884,2.89045
4139,2.8993,2.892,2.89565
4140,2.8992,2.8918,2.8955
4141,2.9054,2.892,2.8987
4142,2.908,2.9015,2.90475
4143,2.904,2.8995,2.90175
4144,2.9035,2.8955,2.8995
4145,2.9013,2.8965,2.8989
4146,2.9013,2.8855,2.8934
4147,2.8905,2.8741,2.8823
4148,2.88,2.877,2.8785
4149,2.8815,2.8765,2.879
4150,2.8871,2.8778,2.88245
4151,2.8844,2.8792,2.8818
4152,2.8921,2.8825,2.8873
4153,2.8904,2.8904,2.8904
4154,2.9065,2.888,2.89725
4155,2.906,2.8975,2.90175
4156,2.9,2.894,2.897
4157,2.8995,2.8884,2.89395
4158,2.8935,2.888,2.89075
4159,2.8951,2.8867,2.8909
4160,2.8939,2.89,2.89195
4161,2.893,2.8896,2.8913
4162,2.8955,2.892,2.89375
4163,2.8945,2.883,2.88875
4164,2.8845,2.8805,2.8825
4165,2.885,2.879,2.882
4166,2.8849,2.8795,2.8822
4167,2.8865,2.883,2.88475
4168,2.8861,2.8811,2.8836
4169,2.889,2.876,2.8825
4170,2.8794,2.8753,2.87735
4171,2.8785,2.8632,2.87085
4172,2.866,2.8574,2.8617
4173,2.8656,2.8595,2.86255
4174,2.8675,2.8601,2.8638
4175,2.864,2.8578,2.8609
4176,2.8644,2.8565,2.86045
4177,2.8709,2.8605,2.8657
4178,2.8731,2.8651,2.8691
4179,2.8707,2.8634,2.86705
4180,2.8717,2.8645,2.8681
4181,2.8753,2.87,2.87265
4182,2.8802,2.8605,2.87035
4183,2.88,2.874,2.877
4184,2.877,2.8709,2.87395
4185,2.8744,2.8682,2.8713
4186,2.8741,2.8697,2.8719
4187,2.874,2.87,2.872
4188,2.8784,2.8665,2.87245
4189,2.8785,2.869,2.87375
4190,2.872,2.8681,2.87005
4191,2.8775,2.8683,2.8729
4192,2.8745,2.8689,2.8717
4193,2.872,2.8616,2.8668
4194,2.8667,2.8625,2.8646
4195,2.8698,2.8635,2.86665
4196,2.8695,2.8632,2.86635
4197,2.8715,2.863,2.86725
4198,2.872,2.8651,2.86855
4199,2.8774,2.8699,2.87365
4200,2.8839,2.8755,2.8797
4201,2.8825,2.8721,2.8773
4202,2.877,2.8735,2.87525
4203,2.8762,2.8705,2.87335
4204,2.8784,2.8725,2.87545
4205,2.8845,2.8755,2.88
4206,2.8871,2.8809,2.884
4207,2.883,2.8784,2.8807
4208,2.8841,2.8797,2.8819
4209,2.886,2.8785,2.88225
4210,2.886,2.8806,2.8833
4211,2.883,2.8748,2.8789
4212,2.878,2.8753,2.87665
4213,2.8796,2.8733,2.87645
4214,2.877,2.872,2.8745
4215,2.874,2.87,2.872
4216,2.8728,2.8703,2.87155
4217,2.8822,2.8715,2.87685
4218,2.8816,2.8775,2.87955
4219,2.8831,2.8775,2.8803
4220,2.8857,2.8767,2.8812
4221,2.8815,2.8774,2.87945
4222,2.8795,2.8735,2.8765
4223,2.8811,2.8737,2.8774
4224,2.8827,2.8789,2.8808
4225,2.8847,2.879,2.88185
4226,2.8828,2.8774,2.8801
4227,2.882,2.879,2.8805
4228,2.884,2.8791,2.88155
4229,2.8896,2.882,2.8858
4230,2.892,2.8857,2.88885
4231,2.8923,2.8879,2.8901
4232,2.8906,2.8868,2.8887
4233,2.8901,2.8861,2.8881
4234,2.893,2.8873,2.89015
4235,2.8991,2.8918,2.89545
4236,2.9018,2.8963,2.89905
4237,2.9043,2.9008,2.90255
4238,2.9041,2.899,2.90155
4239,2.9083,2.8996,2.90395
4240,2.9078,2.9011,2.90445
4241,2.9174,2.9025,2.90995
4242,2.9183,2.9136,2.91595
4243,2.919,2.9115,2.91525
4244,2.9151,2.9037,2.9094
4245,2.9112,2.904,2.9076
4246,2.9148,2.9086,2.9117
4247,2.9165,2.9097,2.9131
4248,2.9124,2.9011,2.90675
4249,2.9118,2.8996,2.9057
4250,2.9141,2.9086,2.91135
4251,2.9219,2.911,2.91645
4252,2.9228,2.9178,2.9203
4253,2.922,2.9162,2.9191
4254,2.9277,2.9183,2.923
4255,2.9267,2.918,2.92235
4256,2.9231,2.9168,2.91995
4257,2.922,2.9185,2.92025
4258,2.9306,2.92,2.9253
4259,2.9369,2.9273,2.9321
4260,2.9412,2.9348,2.938
4261,2.9403,2.9282,2.93425
4262,2.9396,2.9305,2.93505
4263,2.9453,2.9394,2.94235
4264,2.9415,2.9352,2.93835
4265,2.9471,2.934,2.94055
4266,2.9488,2.9428,2.9458
4267,2.9484,2.9395,2.94395
4268,2.9474,2.94,2.9437
4269,2.9505,2.9432,2.94685
4270,2.9473,2.9395,2.9434
4271,2.9527,2.9417,2.9472
4272,2.9467,2.9411,2.9439
4273,2.952,2.9434,2.9477
4274,2.9579,2.9517,2.9548
4275,2.9663,2.956,2.96115
4276,2.9718,2.9632,2.9675
4277,2.9817,2.9681,2.9749
4278,2.9778,2.966,2.9719
4279,2.9945,2.9792,2.98685
4280,2.9898,2.9805,2.98515
4281,2.999,2.984,2.9915
4282,2.9973,2.9865,2.9919
4283,2.9918,2.9798,2.9858
4284,2.9874,2.9765,2.98195
4285,2.9806,2.975,2.9778
4286,2.98,2.9717,2.97585
4287,2.988,2.973,2.9805
4288,2.9953,2.987,2.99115
4289,2.9969,2.9859,2.9914
4290,2.9939,2.9837,2.9888
4291,2.9925,2.9852,2.98885
4292,3.0089,2.9908,2.99985
4293,3.0147,3.0025,3.0086
4294,3.0162,3.0032,3.0097
4295,3.0099,3.0043,3.0071
4296,3.022,3.0105,3.01625
4297,3.0135,3.0054,3.00945
4298,3.0089,2.9845,2.9967
4299,2.9979,2.9875,2.9927
4300,3.0036,2.9939,2.99875
4301,3.0065,2.986,2.99625
4302,2.9889,2.9766,2.98275
4303,2.9893,2.9766,2.98295
4304,2.9854,2.9755,2.98045
4305,2.9856,2.9726,2.9791
4306,2.9917,2.9837,2.9877
4307,2.9876,2.9806,2.9841
4308,2.9808,2.9624,2.9716
4309,2.9761,2.964,2.97005
4310,2.9772,2.9641,2.97065
4311,2.974,2.9656,2.9698
4312,2.98,2.9692,2.9746
4313,2.9827,2.9754,2.97905
4314,2.9893,2.9783,2.9838
4315,2.9845,2.9747,2.9796
4316,2.9867,2.9785,2.9826
4317,2.987,2.975,2.981
4318,2.9809,2.9728,2.97685
4319,2.9849,2.9752,2.98005
4320,2.9811,2.9676,2.97435
4321,2.9731,2.9664,2.96975
4322,2.974,2.9685,2.97125
4323,2.9839,2.9703,2.9771
4324,2.9836,2.9793,2.98145
4325,2.9868,2.9776,2.9822
4326,2.9865,2.9796,2.98305
4327,2.9855,2.9798,2.98265
4328,2.9975,2.983,2.99025
4329,2.9975,2.9907,2.9941
4330,2.999,2.9886,2.9938
4331,2.9954,2.981,2.9882
4332,2.9829,2.978,2.98045
4333,2.984,2.9723,2.97815
4334,2.9769,2.9703,2.9736
4335,2.9818,2.9741,2.97795
4336,2.984,2.9707,2.97735
4337,2.9728,2.9662,2.9695
4338,2.9721,2.9608,2.96645
4339,2.9796,2.9687,2.97415
4340,2.9859,2.9762,2.98105
4341,2.9876,2.9783,2.98295
4342,2.9858,2.975,2.9804
4343,2.9838,2.9758,2.9798
4344,2.9853,2.9758,2.98055
4345,2.981,2.9728,2.9769
4346,2.9804,2.9749,2.97765
4347,2.9899,2.9806,2.98525
4348,2.9892,2.9828,2.986
4349,2.986,2.9812,2.9836
4350,2.9908,2.9857,2.98825
4351,2.9882,2.9782,2.9832
4352,2.9828,2.9778,2.9803
4353,2.9845,2.9764,2.98045
4354,2.9913,2.9779,2.9846
4355,2.9926,2.9848,2.9887
4356,2.988,2.9834,2.9857
4357,2.9892,2.9857,2.98745
4358,2.9886,2.9792,2.9839
4359,2.9835,2.9803,2.9819
4360,2.9814,2.9697,2.97555
4361,2.9742,2.9698,2.972
4362,2.9765,2.9688,2.97265
4363,2.9801,2.972,2.97605
4364,2.9796,2.9748,2.9772
4365,2.9778,2.9724,2.9751
4366,2.9795,2.9757,2.9776
4367,2.9847,2.9729,2.9788
4368,2.9867,2.983,2.98485
4369,2.9864,2.9815,2.98395
4370,2.9908,2.9835,2.98715
4371,3.0004,2.989,2.9947
4372,2.9975,2.9935,2.9955
4373,3.0041,2.9972,3.00065
4374,3.005,2.9941,2.99955
4375,3.0097,2.9989,3.0043
4376,3.0149,3.0074,3.01115
4377,3.017,3.0095,3.01325
4378,3.0137,3.0068,3.01025
4379,3.0129,3.0048,3.00885
4380,3.01,3.0029,3.00645
4381,3.0096,3.0013,3.00545
4382,3.0119,3.0062,3.00905
4383,3.014,3.0008,3.0074
4384,3.0045,2.999,3.00175
4385,3.004,2.9979,3.00095
4386,3.0033,2.9961,2.9997
4387,2.997,2.991,2.994
4388,2.9936,2.9896,2.9916
4389,2.994,2.9876,2.9908
4390,2.9959,2.9889,2.9924
4391,2.9956,2.9915,2.99355
4392,2.9983,2.9861,2.9922
4393,3.0001,2.9957,2.9979
4394,3.0029,2.9963,2.9996
4395,3.0018,2.9971,2.99945
4396,3.0128,2.9998,3.0063
4397,3.0118,3.0068,3.0093
4398,3.014,3.0071,3.01055
4399,3.01,3.006,3.008
4400,3.0197,3.0077,3.0137
4401,3.026,3.017,3.0215
4402,3.0249,3.0195,3.0222
4403,3.0335,3.0211,3.0273
4404,3.0283,3.0224,3.02535
4405,3.0288,3.0243,3.02655
4406,3.0276,3.0244,3.026
4407,3.0317,3.0216,3.02665
4408,3.0326,3.0255,3.02905
4409,3.0325,3.0295,3.031
4410,3.0375,3.0329,3.0352
4411,3.0441,3.0362,3.04015
4412,3.0483,3.0408,3.04455
4413,3.0504,3.0454,3.0479
4414,3.0504,3.0454,3.0479
4415,3.0497,3.0333,3.0415
4416,3.0437,3.0342,3.03895
4417,3.0493,3.0416,3.04545
4418,3.0468,3.0399,3.04335
4419,3.0534,3.036,3.0447
4420,3.0538,3.0495,3.05165
4421,3.0586,3.047,3.0528
4422,3.0582,3.0528,3.0555
4423,3.0598,3.0537,3.05675
4424,3.0592,3.0506,3.0549
4425,3.0628,3.0547,3.05875
4426,3.068,3.0607,3.06435
4427,3.069,3.063,3.066
4428,3.0733,3.0634,3.06835
4429,3.0737,3.0686,3.07115
4430,3.078,3.0706,3.0743
4431,3.085,3.074,3.0795
4432,3.0905,3.0781,3.0843
4433,3.0858,3.0784,3.0821
4434,3.09,3.0808,3.0854
4435,3.0844,3.0733,3.07885
4436,3.0831,3.0724,3.07775
4437,3.0791,3.0695,3.0743
4438,3.0905,3.077,3.08375
4439,3.0936,3.0739,3.08375
4440,3.0863,3.0765,3.0814
4441,3.0836,3.0733,3.07845
4442,3.0828,3.0725,3.07765
4443,3.076,3.0667,3.07135
4444,3.077,3.0705,3.07375
4445,3.086,3.0705,3.07825
4446,3.085,3.0758,3.0804
4447,3.0791,3.0677,3.0734
4448,3.0756,3.0679,3.07175
4449,3.0765,3.0665,3.0715
4450,3.0836,3.0744,3.079
4451,3.0846,3.075,3.0798
4452,3.0806,3.0708,3.0757
4453,3.0822,3.0744,3.0783
4454,3.0811,3.073,3.07705
4455,3.0836,3.0735,3.07855
4456,3.0807,3.0736,3.07715
4457,3.0899,3.0769,3.0834
4458,3.0936,3.0877,3.09065
4459,3.1005,3.0886,3.09455
4460,3.1012,3.0927,3.09695
4461,3.1066,3.0968,3.1017
4462,3.1066,3.1001,3.10335
4463,3.1084,3.1006,3.1045
4464,3.1056,3.0983,3.10195
4465,3.1008,3.0795,3.09015
4466,3.0819,3.069,3.07545
4467,3.0843,3.0589,3.0716
4468,3.0655,3.0544,3.05995
4469,3.0655,3.0555,3.0605
4470,3.0675,3.053,3.06025
4471,3.0622,3.0501,3.05615
4472,3.0674,3.0568,3.0621
4473,3.0722,3.0633,3.06775
4474,3.0703,3.0622,3.06625
4475,3.0744,3.0674,3.0709
4476,3.0802,3.0671,3.07365
4477,3.028,3.0052,3.0166
4478,3.0342,3.0215,3.02785
4479,3.04,3.0285,3.03425
4480,3.0412,3.0276,3.0344
4481,3.033,3.0256,3.0293
4482,3.03,3.0205,3.02525
4483,3.0337,3.0245,3.0291
4484,3.032,3.0263,3.02915
4485,3.0315,3.0237,3.0276
4486,3.0223,3.0112,3.01675
4487,3.0145,3.0075,3.011
4488,3.014,3.0075,3.01075
4489,3.0127,3.0086,3.01065
4490,3.0186,3.0075,3.01305
4491,3.019,3.0048,3.0119
4492,3.007,3.0001,3.00355
4493,3.0095,2.999,3.00425
4494,3.0055,2.9995,3.0025
4495,3.003,2.9869,2.99495
4496,2.989,2.9738,2.9814
4497,2.9825,2.9667,2.9746
4498,2.9779,2.9665,2.9722
