1,1.028,1.0052,1.0166
2,1.0342,1.0215,1.02785
3,1.04,1.0285,1.03425
4,1.0412,1.0276,1.0344
5,1.033,1.0256,1.0293
6,1.03,1.0205,1.02525
7,1.0337,1.0245,1.0291
8,1.032,1.0263,1.02915
9,1.0315,1.0237,1.0276
10,1.0223,1.0112,1.01675
11,1.0145,1.0075,1.011
12,1.014,1.0075,1.01075
13,1.0127,1.0086,1.01065
14,1.0186,1.0075,1.01305
15,1.019,1.0048,1.0119
16,1.007,1.0001,1.00355
17,1.0095,0.999,1.00425
18,1.0055,0.9995,1.0025
19,1.003,0.9869,0.99495
20,0.989,0.9738,0.9814
21,0.9825,0.9667,0.9746
22,0.9779,0.9665,0.9722
23,0.98,0.969,0.9745
24,0.9947,0.9715,0.9831
25,0.994,0.9751,0.98455
26,0.983,0.9755,0.97925
27,0.9915,0.9785,0.985
28,0.9967,0.985,0.99085
29,0.996,0.9832,0.9896
30,0.9879,0.979,0.98345
31,0.9915,0.9777,0.9846
32,0.9861,0.9765,0.9813
33,0.987,0.979,0.983
34,0.9955,0.9837,0.9896
35,0.99,0.9811,0.98555
36,0.989,0.9845,0.98675
37,1.0081,0.987,0.99755
38,1.009,1.0011,1.00505
39,1.004,0.9888,0.9964
40,0.9925,0.9725,0.9825
41,0.9745,0.939,0.95675
42,0.987,0.9645,0.97575
43,0.9767,0.9625,0.9696
44,0.9795,0.9612,0.97035
45,0.968,0.9591,0.96355
46,0.967,0.956,0.9615
47,0.9625,0.9528,0.95765
48,0.9632,0.9522,0.9577
49,0.9698,0.9595,0.96465
50,0.9685,0.9599,0.9642
51,0.973,0.9615,0.96725
52,0.9683,0.9592,0.96375
53,0.9712,0.964,0.9676
54,0.974,0.9645,0.96925
55,0.9731,0.9658,0.96945
56,0.9745,0.9685,0.9715
57,0.9735,0.9632,0.96835
58,0.963,0.9579,0.96045
59,0.9732,0.96,0.9666
60,0.9773,0.9674,0.97235
61,0.979,0.9633,0.97115
62,0.9699,0.9598,0.96485
63,0.96,0.9477,0.95385
64,0.9624,0.9512,0.9568
65,0.963,0.953,0.958
66,0.9604,0.95,0.9552
67,0.9756,0.9516,0.9636
68,0.971,0.9595,0.96525
69,0.9645,0.9567,0.9606
70,0.9615,0.9537,0.9576
71,0.9627,0.9535,0.9581
72,0.9646,0.9564,0.9605
73,0.96,0.952,0.956
74,0.9595,0.9513,0.9554
75,0.962,0.951,0.9565
76,0.967,0.9522,0.9596
77,0.9525,0.9426,0.94755
78,0.949,0.936,0.9425
79,0.9425,0.9358,0.93915
80,0.9397,0.9366,0.93815
81,0.9449,0.9365,0.9407
82,0.9395,0.9163,0.9279
83,0.925,0.9175,0.92125
84,0.9249,0.906,0.91545
85,0.9136,0.903,0.9083
86,0.9171,0.9071,0.9121
87,0.9172,0.9033,0.91025
88,0.9106,0.8886,0.8996
89,0.897,0.8845,0.89075
90,0.9011,0.8905,0.8958
91,0.9045,0.8919,0.8982
92,0.908,0.8945,0.90125
93,0.9128,0.905,0.9089
94,0.9107,0.8992,0.90495
95,0.9199,0.898,0.90895
96,0.919,0.9122,0.9156
97,0.9105,0.9024,0.90645
98,0.903,0.889,0.896
99,0.896,0.8905,0.89325
100,0.9002,0.8845,0.89235
101,0.9074,0.8955,0.90145
102,0.9155,0.9017,0.9086
103,0.9126,0.903,0.9078
104,0.913,0.898,0.9055
105,0.934,0.911,0.9225
106,0.9335,0.924,0.92875
107,0.941,0.9245,0.93275
108,0.9375,0.928,0.93275
109,0.938,0.9283,0.93315
110,0.9504,0.9297,0.94005
111,0.949,0.9413,0.94515
112,0.96,0.945,0.9525
113,0.9627,0.953,0.95785
114,0.9702,0.9513,0.96075
115,0.957,0.946,0.9515
116,0.956,0.949,0.9525
117,0.9626,0.952,0.9573
118,0.9655,0.9575,0.9615
119,0.9605,0.95,0.95525
120,0.9657,0.9485,0.9571
121,0.9695,0.9576,0.96355
122,0.962,0.9536,0.9578
123,0.9545,0.9431,0.9488
124,0.9475,0.9345,0.941
125,0.9529,0.934,0.94345
126,0.9396,0.9295,0.93455
127,0.9468,0.9355,0.94115
128,0.947,0.9399,0.94345
129,0.9536,0.9415,0.94755
130,0.9602,0.9505,0.95535
131,0.9545,0.948,0.95125
132,0.9521,0.946,0.94905
133,0.9572,0.9505,0.95385
134,0.9595,0.9495,0.9545
135,0.9527,0.9458,0.94925
136,0.9549,0.9475,0.9512
137,0.9565,0.9492,0.95285
138,0.9525,0.9392,0.94585
139,0.9425,0.9329,0.9377
140,0.939,0.9317,0.93535
141,0.94,0.934,0.937
142,0.9365,0.923,0.92975
143,0.926,0.9193,0.92265
144,0.9333,0.92,0.92665
145,0.9381,0.931,0.93455
146,0.9375,0.931,0.93425
147,0.9428,0.932,0.9374
148,0.945,0.938,0.9415
149,0.944,0.9316,0.9378
150,0.9335,0.9225,0.928
151,0.9294,0.922,0.9257
152,0.9285,0.914,0.92125
153,0.919,0.9113,0.91515
154,0.918,0.8997,0.90885
155,0.91,0.9014,0.9057
156,0.9112,0.905,0.9081
157,0.909,0.8987,0.90385
158,0.9034,0.8963,0.89985
159,0.9097,0.9005,0.9051
160,0.914,0.9023,0.90815
161,0.9068,0.9001,0.90345
162,0.914,0.9055,0.90975
163,0.9175,0.9065,0.912
164,0.9176,0.9117,0.91465
165,0.9185,0.9062,0.91235
166,0.9075,0.9009,0.9042
167,0.9035,0.8949,0.8992
168,0.9004,0.891,0.8957
169,0.9051,0.8995,0.9023
170,0.9072,0.8975,0.90235
171,0.9045,0.8986,0.90155
172,0.902,0.8914,0.8967
173,0.894,0.887,0.8905
174,0.897,0.8838,0.8904
175,0.9018,0.8875,0.89465
176,0.904,0.8965,0.90025
177,0.899,0.885,0.892
178,0.8895,0.8688,0.87915
179,0.8766,0.8635,0.87005
180,0.874,0.864,0.869
181,0.8725,0.8565,0.8645
182,0.8691,0.855,0.86205
183,0.8705,0.8585,0.8645
184,0.8735,0.8565,0.865
185,0.87,0.8535,0.86175
186,0.8575,0.8512,0.85435
187,0.8565,0.8476,0.85205
188,0.852,0.844,0.848
189,0.8593,0.846,0.85265
190,0.904,0.8573,0.88065
191,0.883,0.871,0.877
192,0.8833,0.873,0.87815
193,0.8885,0.8782,0.88335
194,0.8863,0.878,0.88215
195,0.885,0.875,0.88
196,0.8855,0.878,0.88175
197,0.8785,0.873,0.87575
198,0.878,0.8716,0.8748
199,0.8786,0.8679,0.87325
200,0.874,0.8666,0.8703
201,0.871,0.867,0.869
202,0.8745,0.866,0.87025
203,0.8765,0.868,0.87225
204,0.868,0.8612,0.8646
205,0.866,0.8529,0.85945
206,0.856,0.8459,0.85095
207,0.8556,0.8475,0.85155
208,0.8575,0.8326,0.84505
209,0.8445,0.8381,0.8413
210,0.849,0.8349,0.84195
211,0.842,0.8349,0.83845
212,0.84,0.8345,0.83725
213,0.8385,0.8248,0.83165
214,0.8321,0.8228,0.82745
215,0.8444,0.8285,0.83645
216,0.853,0.839,0.846
217,0.85,0.838,0.844
218,0.8614,0.847,0.8542
219,0.8665,0.8555,0.861
220,0.88,0.8575,0.86875
221,0.873,0.8559,0.86445
222,0.8665,0.8576,0.86205
223,0.869,0.8517,0.86035
224,0.8674,0.852,0.8597
225,0.8705,0.8598,0.86515
226,0.8665,0.8579,0.8622
227,0.8615,0.8549,0.8582
228,0.863,0.8554,0.8592
229,0.86,0.8516,0.8558
230,0.8575,0.8482,0.85285
231,0.8522,0.8463,0.84925
232,0.853,0.8416,0.8473
233,0.8485,0.8411,0.8448
234,0.846,0.8385,0.84225
235,0.8455,0.8375,0.8415
236,0.8525,0.839,0.84575
237,0.858,0.8505,0.85425
238,0.8658,0.8555,0.86065
239,0.8737,0.857,0.86535
240,0.879,0.8701,0.87455
241,0.8932,0.8755,0.88435
242,0.8905,0.8787,0.8846
243,0.892,0.877,0.8845
244,0.8975,0.8856,0.89155
245,0.8915,0.8822,0.88685
246,0.8865,0.875,0.88075
247,0.884,0.8753,0.87965
248,0.882,0.8715,0.87675
249,0.8901,0.8755,0.8828
250,0.9,0.8905,0.89525
251,0.9015,0.8924,0.89695
252,0.8965,0.888,0.89225
253,0.9095,0.895,0.90225
254,0.917,0.906,0.9115
255,0.926,0.9145,0.92025
256,0.9235,0.9235,0.9235
257,0.9325,0.9235,0.928
258,0.934,0.9273,0.93065
259,0.932,0.9247,0.92835
260,0.94,0.928,0.934
261,0.9398,0.9398,0.9398
262,0.9515,0.937,0.94425
263,0.957,0.9269,0.94195
264,0.952,0.9265,0.93925
265,0.9595,0.9467,0.9531
266,0.959,0.9468,0.9529
267,0.9475,0.9385,0.943
268,0.9465,0.9379,0.9422
269,0.9554,0.9465,0.95095
270,0.958,0.9468,0.9524
271,0.953,0.941,0.947
272,0.9445,0.9373,0.9409
273,0.945,0.929,0.937
274,0.9465,0.935,0.94075
275,0.9505,0.9339,0.9422
276,0.9396,0.9271,0.93335
277,0.945,0.937,0.941
278,0.937,0.9216,0.9293
279,0.924,0.9118,0.9179
280,0.9315,0.9199,0.9257
281,0.926,0.9177,0.92185
282,0.928,0.9145,0.92125
283,0.9365,0.9255,0.931
284,0.9445,0.936,0.94025
285,0.942,0.9318,0.9369
286,0.9441,0.934,0.93905
287,0.9385,0.9284,0.93345
288,0.935,0.926,0.9305
289,0.93,0.9151,0.92255
290,0.9273,0.913,0.92015
291,0.933,0.9245,0.92875
292,0.933,0.9172,0.9251
293,0.922,0.9166,0.9193
294,0.9195,0.9028,0.91115
295,0.9177,0.9045,0.9111
296,0.9235,0.912,0.91775
297,0.924,0.9051,0.91455
298,0.918,0.906,0.912
299,0.913,0.9016,0.9073
300,0.9208,0.9025,0.91165
301,0.9185,0.9079,0.9132
302,0.9206,0.9085,0.91455
303,0.9255,0.916,0.92075
304,0.9321,0.922,0.92705
305,0.938,0.9285,0.93325
306,0.9365,0.9284,0.93245
307,0.9339,0.925,0.92945
308,0.937,0.9263,0.93165
309,0.934,0.927,0.9305
310,0.9375,0.9295,0.9335
311,0.934,0.926,0.93
312,0.931,0.9133,0.92215
313,0.921,0.908,0.9145
314,0.913,0.8957,0.90435
315,0.9,0.8913,0.89565
316,0.9015,0.8935,0.8975
317,0.909,0.8985,0.90375
318,0.9125,0.8936,0.90305
319,0.8965,0.8833,0.8899
320,0.8965,0.8855,0.891
321,0.8968,0.8885,0.89265
322,0.8992,0.8897,0.89445
323,0.8945,0.8848,0.88965
324,0.8885,0.8798,0.88415
325,0.886,0.8755,0.88075
326,0.8836,0.873,0.8783
327,0.8969,0.8795,0.8882
328,0.9051,0.8935,0.8993
329,0.909,0.894,0.9015
330,0.9049,0.8925,0.8987
331,0.9045,0.899,0.90175
332,0.899,0.8862,0.8926
333,0.8915,0.881,0.88625
334,0.8942,0.8837,0.88895
335,0.8934,0.89,0.8917
336,0.8905,0.8833,0.8869
337,0.891,0.8777,0.88435
338,0.8897,0.8699,0.8798
339,0.8957,0.881,0.88835
340,0.9047,0.8955,0.9001
341,0.9025,0.8945,0.8985
342,0.901,0.8931,0.89705
343,0.9001,0.8905,0.8953
344,0.9041,0.8945,0.8993
345,0.9055,0.889,0.89725
346,0.8925,0.8853,0.8889
347,0.894,0.8855,0.88975
348,0.8951,0.8885,0.8918
349,0.8975,0.8882,0.89285
350,0.901,0.8894,0.8952
351,0.8935,0.8901,0.8918
352,0.891,0.8827,0.88685
353,0.8859,0.8814,0.88365
354,0.892,0.8781,0.88505
355,0.8825,0.8737,0.8781
356,0.876,0.8727,0.87435
357,0.8799,0.873,0.87645
358,0.8865,0.875,0.88075
359,0.888,0.879,0.8835
360,0.883,0.8756,0.8793
361,0.882,0.874,0.878
362,0.8775,0.8626,0.87005
363,0.8662,0.8548,0.8605
364,0.8612,0.85,0.8556
365,0.8625,0.8535,0.858
366,0.8615,0.858,0.85975
367,0.861,0.8529,0.85695
368,0.859,0.8535,0.85625
369,0.8568,0.8444,0.8506
370,0.8497,0.8433,0.8465
371,0.8538,0.8442,0.849
372,0.8535,0.842,0.84775
373,0.857,0.8448,0.8509
374,0.8516,0.8455,0.84855
375,0.8517,0.846,0.84885
376,0.854,0.8411,0.84755
377,0.8535,0.8414,0.84745
378,0.8568,0.851,0.8539
379,0.8635,0.8486,0.85605
380,0.8672,0.86,0.8636
381,0.8645,0.8575,0.861
382,0.8612,0.8531,0.85715
383,0.8557,0.8496,0.85265
384,0.858,0.8515,0.85475
385,0.8576,0.851,0.8543
386,0.8625,0.8565,0.8595
387,0.865,0.8585,0.86175
388,0.866,0.8588,0.8624
389,0.8615,0.8435,0.8525
390,0.8497,0.8435,0.8466
391,0.8515,0.8435,0.8475
392,0.8505,0.8455,0.848
393,0.8505,0.8435,0.847
394,0.848,0.8355,0.84175
395,0.8477,0.8345,0.8411
396,0.8507,0.844,0.84735
397,0.8574,0.8485,0.85295
398,0.8641,0.8535,0.8588
399,0.859,0.8507,0.85485
400,0.856,0.851,0.8535
401,0.86,0.8535,0.85675
402,0.8608,0.849,0.8549
403,0.8737,0.857,0.86535
404,0.8785,0.8679,0.8732
405,0.8785,0.8703,0.8744
406,0.8715,0.8654,0.86845
407,0.8762,0.8685,0.87235
408,0.8813,0.8715,0.8764
409,0.8823,0.8748,0.87855
410,0.8805,0.8724,0.87645
411,0.8772,0.872,0.8746
412,0.8782,0.8725,0.87535
413,0.883,0.8755,0.87925
414,0.884,0.8785,0.88125
415,0.8873,0.878,0.88265
416,0.883,0.8785,0.88075
417,0.8815,0.875,0.87825
418,0.8807,0.8735,0.8771
419,0.8941,0.8805,0.8873
420,0.8959,0.891,0.89345
421,0.9007,0.8925,0.8966
422,0.9035,0.8935,0.8985
423,0.914,0.902,0.908
424,0.92,0.9093,0.91465
425,0.9179,0.91,0.91395
426,0.92,0.911,0.9155
427,0.9175,0.9078,0.91265
428,0.924,0.9135,0.91875
429,0.9168,0.91,0.9134
430,0.9165,0.9079,0.9122
431,0.9124,0.908,0.9102
432,0.9126,0.9024,0.9075
433,0.915,0.9085,0.91175
434,0.918,0.906,0.912
435,0.92,0.9064,0.9132
436,0.9105,0.9059,0.9082
437,0.908,0.8847,0.89635
438,0.891,0.8855,0.88825
439,0.8961,0.8825,0.8893
440,0.9066,0.893,0.8998
441,0.9075,0.8979,0.9027
442,0.9165,0.895,0.90575
443,0.915,0.901,0.908
444,0.9123,0.9045,0.9084
445,0.925,0.908,0.9165
446,0.9335,0.9172,0.92535
447,0.926,0.9185,0.92225
448,0.9325,0.923,0.92775
449,0.9295,0.923,0.92625
450,0.9275,0.9091,0.9183
451,0.9197,0.9105,0.9151
452,0.9249,0.9145,0.9197
453,0.9245,0.9195,0.922
454,0.923,0.9175,0.92025
455,0.918,0.9085,0.91325
456,0.9176,0.906,0.9118
457,0.9195,0.9135,0.9165
458,0.9232,0.9127,0.91795
459,0.9165,0.9113,0.9139
460,0.9205,0.9155,0.918
461,0.9245,0.9165,0.9205
462,0.9225,0.9133,0.9179
463,0.9158,0.9104,0.9131
464,0.9125,0.8991,0.9058
465,0.9123,0.901,0.90665
466,0.9135,0.9071,0.9103
467,0.9112,0.9039,0.90755
468,0.9092,0.901,0.9051
469,0.9057,0.9,0.90285
470,0.904,0.8966,0.9003
471,0.9,0.8895,0.89475
472,0.8925,0.887,0.88975
473,0.8945,0.89,0.89225
474,0.8979,0.888,0.89295
475,0.895,0.8904,0.8927
476,0.9051,0.892,0.89855
477,0.91,0.9035,0.90675
478,0.9075,0.8986,0.90305
479,0.9119,0.8995,0.9057
480,0.9073,0.9015,0.9044
481,0.9015,0.8945,0.898
482,0.8995,0.8956,0.89755
483,0.9045,0.8938,0.89915
484,0.8985,0.8907,0.8946
485,0.8946,0.889,0.8918
486,0.9014,0.8915,0.89645
487,0.894,0.8791,0.88655
488,0.8843,0.878,0.88115
489,0.8853,0.8805,0.8829
490,0.8865,0.881,0.88375
491,0.885,0.8766,0.8808
492,0.8842,0.878,0.8811
493,0.8835,0.8754,0.87945
494,0.879,0.876,0.8775
495,0.8812,0.8735,0.87735
496,0.883,0.8775,0.88025
497,0.884,0.8772,0.8806
498,0.8885,0.882,0.88525
499,0.8919,0.8855,0.8887
500,0.8982,0.8845,0.89135
501,0.8965,0.889,0.89275
502,0.8923,0.8885,0.8904
503,0.894,0.8846,0.8893
504,0.8953,0.886,0.89065
505,0.895,0.8885,0.89175
506,0.8915,0.8844,0.88795
507,0.8925,0.8884,0.89045
508,0.8993,0.892,0.89565
509,0.8992,0.8918,0.8955
510,0.9054,0.892,0.8987
511,0.908,0.9015,0.90475
512,0.904,0.8995,0.90175
513,0.9035,0.8955,0.8995
514,0.9013,0.8965,0.8989
515,0.9013,0.8855,0.8934
516,0.8905,0.8741,0.8823
517,0.88,0.877,0.8785
518,0.8815,0.8765,0.879
519,0.8871,0.8778,0.88245
520,0.8844,0.8792,0.8818
521,0.8921,0.8825,0.8873
522,0.8904,0.8904,0.8904
523,0.9065,0.888,0.89725
524,0.906,0.8975,0.90175
525,0.9,0.894,0.897
526,0.8995,0.8884,0.89395
527,0.8935,0.888,0.89075
528,0.8951,0.8867,0.8909
529,0.8939,0.89,0.89195
530,0.893,0.8896,0.8913
531,0.8955,0.892,0.89375
532,0.8945,0.883,0.88875
533,0.8845,0.8805,0.8825
534,0.885,0.879,0.882
535,0.8849,0.8795,0.8822
536,0.8865,0.883,0.88475
537,0.8861,0.8811,0.8836
538,0.889,0.876,0.8825
539,0.8794,0.8753,0.87735
540,0.8785,0.8632,0.87085
541,0.866,0.8574,0.8617
542,0.8656,0.8595,0.86255
543,0.8675,0.8601,0.8638
544,0.864,0.8578,0.8609
545,0.8644,0.8565,0.86045
546,0.8709,0.8605,0.8657
547,0.8731,0.8651,0.8691
548,0.8707,0.8634,0.86705
549,0.8717,0.8645,0.8681
550,0.8753,0.87,0.87265
551,0.8802,0.8605,0.87035
552,0.88,0.874,0.877
553,0.877,0.8709,0.87395
554,0.8744,0.8682,0.8713
555,0.8741,0.8697,0.8719
556,0.874,0.87,0.872
557,0.8784,0.8665,0.87245
558,0.8785,0.869,0.87375
559,0.872,0.8681,0.87005
560,0.8775,0.8683,0.8729
561,0.8745,0.8689,0.8717
562,0.872,0.8616,0.8668
563,0.8667,0.8625,0.8646
564,0.8698,0.8635,0.86665
565,0.8695,0.8632,0.86635
566,0.8715,0.863,0.86725
567,0.872,0.8651,0.86855
568,0.8774,0.8699,0.87365
569,0.8839,0.8755,0.8797
570,0.8825,0.8721,0.8773
571,0.877,0.8735,0.87525
572,0.8762,0.8705,0.87335
573,0.8784,0.8725,0.87545
574,0.8845,0.8755,0.88
575,0.8871,0.8809,0.884
576,0.883,0.8784,0.8807
577,0.8841,0.8797,0.8819
578,0.886,0.8785,0.88225
579,0.886,0.8806,0.8833
580,0.883,0.8748,0.8789
581,0.878,0.8753,0.87665
582,0.8796,0.8733,0.87645
583,0.877,0.872,0.8745
584,0.874,0.87,0.872
585,0.8728,0.8703,0.87155
586,0.8822,0.8715,0.87685
587,0.8816,0.8775,0.87955
588,0.8831,0.8775,0.8803
589,0.8857,0.8767,0.8812
590,0.8815,0.8774,0.87945
591,0.8795,0.8735,0.8765
592,0.8811,0.8737,0.8774
593,0.8827,0.8789,0.8808
594,0.8847,0.879,0.88185
595,0.8828,0.8774,0.8801
596,0.882,0.879,0.8805
597,0.884,0.8791,0.88155
598,0.8896,0.882,0.8858
599,0.892,0.8857,0.88885
600,0.8923,0.8879,0.8901
601,0.8906,0.8868,0.8887
602,0.8901,0.8861,0.8881
603,0.893,0.8873,0.89015
604,0.8991,0.8918,0.89545
605,0.9018,0.8963,0.89905
606,0.9043,0.9008,0.90255
607,0.9041,0.899,0.90155
608,0.9083,0.8996,0.90395
609,0.9078,0.9011,0.90445
610,0.9174,0.9025,0.90995
611,0.9183,0.9136,0.91595
612,0.919,0.9115,0.91525
613,0.9151,0.9037,0.9094
614,0.9112,0.904,0.9076
615,0.9148,0.9086,0.9117
616,0.9165,0.9097,0.9131
617,0.9124,0.9011,0.90675
618,0.9118,0.8996,0.9057
619,0.9141,0.9086,0.91135
620,0.9219,0.911,0.91645
621,0.9228,0.9178,0.9203
622,0.922,0.9162,0.9191
623,0.9277,0.9183,0.923
624,0.9267,0.918,0.92235
625,0.9231,0.9168,0.91995
626,0.922,0.9185,0.92025
627,0.9306,0.92,0.9253
628,0.9369,0.9273,0.9321
629,0.9412,0.9348,0.938
630,0.9403,0.9282,0.93425
631,0.9396,0.9305,0.93505
632,0.9453,0.9394,0.94235
633,0.9415,0.9352,0.93835
634,0.9471,0.934,0.94055
635,0.9488,0.9428,0.9458
636,0.9484,0.9395,0.94395
637,0.9474,0.94,0.9437
638,0.9505,0.9432,0.94685
639,0.9473,0.9395,0.9434
640,0.9527,0.9417,0.9472
641,0.9467,0.9411,0.9439
642,0.952,0.9434,0.9477
643,0.9579,0.9517,0.9548
644,0.9663,0.956,0.96115
645,0.9718,0.9632,0.9675
646,0.9817,0.9681,0.9749
647,0.9778,0.966,0.9719
648,0.9945,0.9792,0.98685
649,0.9898,0.9805,0.98515
650,0.999,0.984,0.9915
651,0.9973,0.9865,0.9919
652,0.9918,0.9798,0.9858
653,0.9874,0.9765,0.98195
654,0.9806,0.975,0.9778
655,0.98,0.9717,0.97585
656,0.988,0.973,0.9805
657,0.9953,0.987,0.99115
658,0.9969,0.9859,0.9914
659,0.9939,0.9837,0.9888
660,0.9925,0.9852,0.98885
661,1.0089,0.9908,0.99985
662,1.0147,1.0025,1.0086
663,1.0162,1.0032,1.0097
664,1.0099,1.0043,1.0071
665,1.022,1.0105,1.01625
666,1.0135,1.0054,1.00945
667,1.0089,0.9845,0.9967
668,0.9979,0.9875,0.9927
669,1.0036,0.9939,0.99875
670,1.0065,0.986,0.99625
671,0.9889,0.9766,0.98275
672,0.9893,0.9766,0.98295
673,0.9854,0.9755,0.98045
674,0.9856,0.9726,0.9791
675,0.9917,0.9837,0.9877
676,0.9876,0.9806,0.9841
677,0.9808,0.9624,0.9716
678,0.9761,0.964,0.97005
679,0.9772,0.9641,0.97065
680,0.974,0.9656,0.9698
681,0.98,0.9692,0.9746
682,0.9827,0.9754,0.97905
683,0.9893,0.9783,0.9838
684,0.9845,0.9747,0.9796
685,0.9867,0.9785,0.9826
686,0.987,0.975,0.981
687,0.9809,0.9728,0.97685
688,0.9849,0.9752,0.98005
689,0.9811,0.9676,0.97435
690,0.9731,0.9664,0.96975
691,0.974,0.9685,0.97125
692,0.9839,0.9703,0.9771
693,0.9836,0.9793,0.98145
694,0.9868,0.9776,0.9822
695,0.9865,0.9796,0.98305
696,0.9855,0.9798,0.98265
697,0.9975,0.983,0.99025
698,0.9975,0.9907,0.9941
699,0.999,0.9886,0.9938
700,0.9954,0.981,0.9882
701,0.9829,0.978,0.98045
702,0.984,0.9723,0.97815
703,0.9769,0.9703,0.9736
704,0.9818,0.9741,0.97795
705,0.984,0.9707,0.97735
706,0.9728,0.9662,0.9695
707,0.9721,0.9608,0.96645
708,0.9796,0.9687,0.97415
709,0.9859,0.9762,0.98105
710,0.9876,0.9783,0.98295
711,0.9858,0.975,0.9804
712,0.9838,0.9758,0.9798
713,0.9853,0.9758,0.98055
714,0.981,0.9728,0.9769
715,0.9804,0.9749,0.97765
716,0.9899,0.9806,0.98525
717,0.9892,0.9828,0.986
718,0.986,0.9812,0.9836
719,0.9908,0.9857,0.98825
720,0.9882,0.9782,0.9832
721,0.9828,0.9778,0.9803
722,0.9845,0.9764,0.98045
723,0.9913,0.9779,0.9846
724,0.9926,0.9848,0.9887
725,0.988,0.9834,0.9857
726,0.9892,0.9857,0.98745
727,0.9886,0.9792,0.9839
728,0.9835,0.9803,0.9819
729,0.9814,0.9697,0.97555
730,0.9742,0.9698,0.972
731,0.9765,0.9688,0.97265
732,0.9801,0.972,0.97605
733,0.9796,0.9748,0.9772
734,0.9778,0.9724,0.9751
735,0.9795,0.9757,0.9776
736,0.9847,0.9729,0.9788
737,0.9867,0.983,0.98485
738,0.9864,0.9815,0.98395
739,0.9908,0.9835,0.98715
740,1.0004,0.989,0.9947
741,0.9975,0.9935,0.9955
742,1.0041,0.9972,1.00065
743,1.005,0.9941,0.99955
744,1.0097,0.9989,1.0043
745,1.0149,1.0074,1.01115
746,1.017,1.0095,1.01325
747,1.0137,1.0068,1.01025
748,1.0129,1.0048,1.00885
749,1.01,1.0029,1.00645
750,1.0096,1.0013,1.00545
751,1.0119,1.0062,1.00905
752,1.014,1.0008,1.0074
753,1.0045,0.999,1.00175
754,1.004,0.9979,1.00095
755,1.0033,0.9961,0.9997
756,0.997,0.991,0.994
757,0.9936,0.9896,0.9916
758,0.994,0.9876,0.9908
759,0.9959,0.9889,0.9924
760,0.9956,0.9915,0.99355
761,0.9983,0.9861,0.9922
762,1.0001,0.9957,0.9979
763,1.0029,0.9963,0.9996
764,1.0018,0.9971,0.99945
765,1.0128,0.9998,1.0063
766,1.0118,1.0068,1.0093
767,1.014,1.0071,1.01055
768,1.01,1.006,1.008
769,1.0197,1.0077,1.0137
770,1.026,1.017,1.0215
771,1.0249,1.0195,1.0222
772,1.0335,1.0211,1.0273
773,1.0283,1.0224,1.02535
774,1.0288,1.0243,1.02655
775,1.0276,1.0244,1.026
776,1.0317,1.0216,1.02665
777,1.0326,1.0255,1.02905
778,1.0325,1.0295,1.031
779,1.0375,1.0329,1.0352
780,1.0441,1.0362,1.04015
781,1.0483,1.0408,1.04455
782,1.0504,1.0454,1.0479
783,1.0504,1.0454,1.0479
784,1.0497,1.0333,1.0415
785,1.0437,1.0342,1.03895
786,1.0493,1.0416,1.04545
787,1.0468,1.0399,1.04335
788,1.0534,1.036,1.0447
789,1.0538,1.0495,1.05165
790,1.0586,1.047,1.0528
791,1.0582,1.0528,1.0555
792,1.0598,1.0537,1.05675
793,1.0592,1.0506,1.0549
794,1.0628,1.0547,1.05875
795,1.068,1.0607,1.06435
796,1.069,1.063,1.066
797,1.0733,1.0634,1.06835
798,1.0737,1.0686,1.07115
799,1.078,1.0706,1.0743
800,1.085,1.074,1.0795
801,1.0905,1.0781,1.0843
802,1.0858,1.0784,1.0821
803,1.09,1.0808,1.0854
804,1.0844,1.0733,1.07885
805,1.0831,1.0724,1.07775
806,1.0791,1.0695,1.0743
807,1.0905,1.077,1.08375
808,1.0936,1.0739,1.08375
809,1.0863,1.0765,1.0814
810,1.0836,1.0733,1.07845
811,1.0828,1.0725,1.07765
812,1.076,1.0667,1.07135
813,1.077,1.0705,1.07375
814,1.086,1.0705,1.07825
815,1.085,1.0758,1.0804
816,1.0791,1.0677,1.0734
817,1.0756,1.0679,1.07175
818,1.0765,1.0665,1.0715
819,1.0836,1.0744,1.079
820,1.0846,1.075,1.0798
821,1.0806,1.0708,1.0757
822,1.0822,1.0744,1.0783
823,1.0811,1.073,1.07705
824,1.0836,1.0735,1.07855
825,1.0807,1.0736,1.07715
826,1.0899,1.0769,1.0834
827,1.0936,1.0877,1.09065
828,1.1005,1.0886,1.09455
829,1.1012,1.0927,1.09695
830,1.1066,1.0968,1.1017
831,1.1066,1.1001,1.10335
832,1.1084,1.1006,1.1045
833,1.1056,1.0983,1.10195
834,1.1008,1.0795,1.09015
835,1.0819,1.069,1.07545
836,1.0843,1.0589,1.0716
837,1.0655,1.0544,1.05995
838,1.0655,1.0555,1.0605
839,1.0675,1.053,1.06025
840,1.0622,1.0501,1.05615
841,1.0674,1.0568,1.0621
842,1.0722,1.0633,1.06775
843,1.0703,1.0622,1.06625
844,1.0744,1.0674,1.0709
845,1.0802,1.0671,1.07365
846,1.0921,1.0782,1.08515
847,1.0933,1.0867,1.09
848,1.0958,1.0751,1.08545
849,1.079,1.0686,1.0738
850,1.0768,1.0685,1.07265
851,1.0687,1.0561,1.0624
852,1.0724,1.0642,1.0683
853,1.0783,1.0677,1.073
854,1.083,1.075,1.079
855,1.0788,1.0694,1.0741
856,1.081,1.0718,1.0764
857,1.0821,1.0739,1.078
858,1.092,1.0784,1.0852
859,1.0976,1.0868,1.0922
860,1.0896,1.0873,1.08845
861,1.091,1.082,1.0865
862,1.1002,1.0849,1.09255
863,1.0985,1.092,1.09525
864,1.1045,1.0941,1.0993
865,1.1051,1.0958,1.10045
866,1.1076,1.0977,1.10265
867,1.1075,1.0933,1.1004
868,1.1189,1.1064,1.11265
869,1.1287,1.1156,1.12215
870,1.1271,1.1187,1.1229
871,1.1303,1.1205,1.1254
872,1.1453,1.1277,1.1365
873,1.144,1.133,1.1385
874,1.1506,1.1311,1.14085
875,1.1535,1.1438,1.14865
876,1.1624,1.1495,1.15595
877,1.1572,1.1464,1.1518
878,1.1536,1.1471,1.15035
879,1.1491,1.1376,1.14335
880,1.158,1.1372,1.1476
881,1.174,1.1623,1.16815
882,1.1716,1.1607,1.16615
883,1.1744,1.1666,1.1705
884,1.173,1.1623,1.16765
885,1.1818,1.1668,1.1743
886,1.1868,1.1802,1.1835
887,1.1923,1.1821,1.1872
888,1.1845,1.1706,1.17755
889,1.1902,1.1693,1.17975
890,1.1916,1.1742,1.1829
891,1.177,1.1652,1.1711
892,1.178,1.1688,1.1734
893,1.1748,1.167,1.1709
894,1.1887,1.1632,1.17595
895,1.188,1.1685,1.17825
896,1.1788,1.1657,1.17225
897,1.174,1.1671,1.17055
898,1.1782,1.166,1.1721
899,1.1806,1.1708,1.1757
900,1.1876,1.1738,1.1807
901,1.1929,1.1825,1.1877
902,1.187,1.177,1.182
903,1.1805,1.1665,1.1735
904,1.1743,1.1584,1.16635
905,1.1733,1.1553,1.1643
906,1.1611,1.1508,1.15595
907,1.1582,1.1477,1.15295
908,1.1624,1.1494,1.1559
909,1.1545,1.1422,1.14835
910,1.1468,1.1401,1.14345
911,1.1505,1.1401,1.1453
912,1.161,1.1506,1.1558
913,1.1569,1.1507,1.1538
914,1.1542,1.1434,1.1488
915,1.1501,1.1451,1.1476
916,1.1471,1.1308,1.13895
917,1.1352,1.1259,1.13055
918,1.1366,1.1309,1.13375
919,1.1391,1.1314,1.13525
920,1.1384,1.1276,1.133
921,1.1307,1.1242,1.12745
922,1.1337,1.1155,1.1246
923,1.123,1.1114,1.1172
924,1.1248,1.1157,1.12025
925,1.1305,1.1173,1.1239
926,1.1352,1.1245,1.12985
927,1.1372,1.1309,1.13405
928,1.1488,1.1318,1.1403
929,1.151,1.1424,1.1467
930,1.155,1.1444,1.1497
931,1.1519,1.1455,1.1487
932,1.154,1.1455,1.14975
933,1.1461,1.1339,1.14
934,1.1368,1.1227,1.12975
935,1.1274,1.1137,1.12055
936,1.1375,1.1261,1.1318
937,1.138,1.1306,1.1343
938,1.1425,1.1325,1.1375
939,1.1418,1.132,1.1369
940,1.1382,1.1289,1.13355
941,1.1379,1.1266,1.13225
942,1.1372,1.1284,1.1328
943,1.1331,1.1221,1.1276
944,1.1339,1.1228,1.12835
945,1.1289,1.1238,1.12635
946,1.1267,1.1128,1.11975
947,1.115,1.1058,1.1104
948,1.1146,1.1084,1.1115
949,1.112,1.0885,1.10025
950,1.0937,1.0837,1.0887
951,1.0918,1.0825,1.08715
952,1.091,1.0793,1.08515
953,1.093,1.0836,1.0883
954,1.0912,1.0815,1.08635
955,1.0997,1.0874,1.09355
956,1.1016,1.0956,1.0986
957,1.0969,1.0812,1.08905
958,1.087,1.0764,1.0817
959,1.0942,1.0812,1.0877
960,1.1111,1.092,1.10155
961,1.113,1.105,1.109
962,1.1238,1.1058,1.1148
963,1.1236,1.1165,1.12005
964,1.1271,1.1156,1.12135
965,1.1323,1.1138,1.12305
966,1.131,1.1248,1.1279
967,1.1317,1.1161,1.1239
968,1.1301,1.114,1.12205
969,1.1345,1.1228,1.12865
970,1.1382,1.1238,1.131
971,1.1505,1.1386,1.14455
972,1.1528,1.1449,1.14885
973,1.1494,1.143,1.1462
974,1.1533,1.1462,1.14975
975,1.1501,1.144,1.14705
976,1.1596,1.1398,1.1497
977,1.1735,1.1572,1.16535
978,1.1723,1.1645,1.1684
979,1.1767,1.1664,1.17155
980,1.172,1.1554,1.1637
981,1.1721,1.1536,1.16285
982,1.1811,1.17,1.17555
983,1.1837,1.1762,1.17995
984,1.1859,1.1688,1.17735
985,1.1848,1.1705,1.17765
986,1.1813,1.1655,1.1734
987,1.1767,1.1585,1.1676
988,1.1745,1.1594,1.16695
989,1.1697,1.1569,1.1633
990,1.1682,1.1548,1.1615
991,1.173,1.1601,1.16655
992,1.1701,1.1621,1.1661
993,1.1827,1.1652,1.17395
994,1.1844,1.1758,1.1801
995,1.1855,1.1764,1.18095
996,1.1787,1.172,1.17535
997,1.1749,1.1658,1.17035
998,1.1721,1.166,1.16905
999,1.1758,1.1619,1.16885
1000,1.1656,1.1565,1.16105
1001,1.1617,1.1429,1.1523
1002,1.1511,1.143,1.14705
1003,1.1501,1.1414,1.14575
1004,1.1462,1.1389,1.14255
1005,1.1542,1.1409,1.14755
1006,1.1533,1.1469,1.1501
1007,1.1529,1.1447,1.1488
1008,1.166,1.1507,1.15835
1009,1.174,1.163,1.1685
1010,1.1802,1.1729,1.17655
1011,1.1846,1.1729,1.17875
1012,1.1959,1.1735,1.1847
1013,1.1978,1.1875,1.19265
1014,1.1972,1.1875,1.19235
1015,1.1941,1.1859,1.19
1016,1.1915,1.176,1.18375
1017,1.1818,1.1754,1.1786
1018,1.195,1.1773,1.18615
1019,1.1942,1.1888,1.1915
1020,1.2018,1.19,1.1959
1021,1.204,1.1939,1.19895
1022,1.2092,1.1944,1.2018
1023,1.2129,1.2066,1.20975
1024,1.216,1.203,1.2095
1025,1.2171,1.2065,1.2118
1026,1.2239,1.2153,1.2196
1027,1.2276,1.2187,1.22315
1028,1.2266,1.2154,1.221
1029,1.2233,1.2113,1.2173
1030,1.2307,1.2198,1.22525
1031,1.2325,1.2131,1.2228
1032,1.236,1.2299,1.23295
1033,1.2419,1.2298,1.23585
1034,1.2433,1.2359,1.2396
1035,1.2433,1.2343,1.2388
1036,1.245,1.2359,1.24045
1037,1.2427,1.2387,1.2407
1038,1.247,1.239,1.243
1039,1.2465,1.2438,1.24515
1040,1.2466,1.2429,1.24475
1041,1.251,1.2428,1.2469
1042,1.2563,1.2481,1.2522
1043,1.2649,1.2546,1.25975
1044,1.2475,1.2475,1.2475
1045,1.2627,1.2527,1.2577
1046,1.2697,1.2581,1.2639
1047,1.2813,1.2668,1.27405
1048,1.2744,1.2634,1.2689
1049,1.278,1.2562,1.2671
1050,1.2868,1.2705,1.27865
1051,1.2899,1.2737,1.2818
1052,1.2795,1.2711,1.2753
1053,1.2787,1.2632,1.27095
1054,1.267,1.257,1.262
1055,1.2608,1.2352,1.248
1056,1.2422,1.2335,1.23785
1057,1.2597,1.2348,1.24725
1058,1.2671,1.2552,1.26115
1059,1.275,1.2625,1.26875
1060,1.2774,1.2562,1.2668
1061,1.2613,1.2462,1.25375
1062,1.2653,1.2442,1.25475
1063,1.2662,1.2465,1.25635
1064,1.2527,1.236,1.24435
1065,1.2493,1.2352,1.24225
1066,1.2486,1.239,1.2438
1067,1.2597,1.2418,1.25075
1068,1.256,1.2492,1.2526
1069,1.2637,1.2523,1.258
1070,1.2725,1.2514,1.26195
1071,1.2765,1.2574,1.26695
1072,1.2787,1.2685,1.2736
1073,1.2837,1.265,1.27435
1074,1.2845,1.279,1.28175
1075,1.2895,1.2716,1.28055
1076,1.2786,1.272,1.2753
1077,1.2872,1.2759,1.28155
1078,1.293,1.2664,1.2797
1079,1.2735,1.2648,1.26915
1080,1.276,1.2495,1.26275
1081,1.2595,1.2452,1.25235
1082,1.2712,1.2526,1.2619
1083,1.2705,1.2476,1.25905
1084,1.2515,1.2385,1.245
1085,1.2505,1.2373,1.2439
1086,1.254,1.2425,1.24825
1087,1.2468,1.2197,1.23325
1088,1.2224,1.2056,1.214
1089,1.224,1.2137,1.21885
1090,1.2433,1.2177,1.2305
1091,1.2418,1.2339,1.23785
1092,1.2455,1.2278,1.23665
1093,1.2341,1.22,1.22705
1094,1.2349,1.2164,1.22565
1095,1.2385,1.2173,1.2279
1096,1.2316,1.2184,1.225
1097,1.2371,1.223,1.23005
1098,1.2287,1.2178,1.22325
1099,1.2431,1.2323,1.2377
1100,1.2407,1.2258,1.23325
1101,1.2401,1.2224,1.23125
1102,1.2368,1.2268,1.2318
1103,1.2366,1.2119,1.22425
1104,1.22,1.2098,1.2149
1105,1.2213,1.207,1.21415
1106,1.2168,1.2048,1.2108
1107,1.2229,1.2154,1.21915
1108,1.232,1.2166,1.2243
1109,1.2388,1.2256,1.2322
1110,1.2372,1.2103,1.22375
1111,1.2127,1.1985,1.2056
1112,1.2121,1.1984,1.20525
1113,1.2196,1.2052,1.2124
1114,1.2218,1.2065,1.21415
1115,1.2115,1.2066,1.20905
1116,1.2098,1.2054,1.2076
1117,1.2082,1.1906,1.1994
1118,1.1967,1.1868,1.19175
1119,1.1991,1.1893,1.1942
1120,1.2046,1.1926,1.1986
1121,1.2077,1.2002,1.20395
1122,1.2023,1.1845,1.1934
1123,1.1915,1.1817,1.1866
1124,1.1907,1.1779,1.1843
1125,1.1943,1.1796,1.18695
1126,1.1884,1.1762,1.1823
1127,1.1947,1.1835,1.1891
1128,1.1952,1.1823,1.18875
1129,1.1983,1.1807,1.1895
1130,1.201,1.1921,1.19655
1131,1.1999,1.1922,1.19605
1132,1.2118,1.1928,1.2023
1133,1.218,1.2098,1.2139
1134,1.2174,1.206,1.2117
1135,1.2148,1.1878,1.2013
1136,1.1892,1.1814,1.1853
1137,1.189,1.1788,1.1839
1138,1.1939,1.1836,1.18875
1139,1.1928,1.1775,1.18515
1140,1.1901,1.178,1.18405
1141,1.2059,1.188,1.19695
1142,1.2039,1.1932,1.19855
1143,1.2042,1.194,1.1991
1144,1.2019,1.1897,1.1958
1145,1.2068,1.1954,1.2011
1146,1.2022,1.1935,1.19785
1147,1.2126,1.1988,1.2057
1148,1.2142,1.208,1.2111
1149,1.2291,1.209,1.21905
1150,1.2294,1.2203,1.22485
1151,1.2242,1.2183,1.22125
1152,1.2264,1.2158,1.2211
1153,1.2306,1.2208,1.2257
1154,1.225,1.2171,1.22105
1155,1.2296,1.214,1.2218
1156,1.2337,1.2293,1.2315
1157,1.235,1.2248,1.2299
1158,1.2273,1.2038,1.21555
1159,1.2115,1.2027,1.2071
1160,1.2114,1.1967,1.20405
1161,1.2085,1.1956,1.20205
1162,1.2168,1.2032,1.21
1163,1.2167,1.1982,1.20745
1164,1.2068,1.1993,1.20305
1165,1.2144,1.1976,1.206
1166,1.2145,1.2078,1.21115
1167,1.2129,1.2067,1.2098
1168,1.2191,1.2067,1.2129
1169,1.2187,1.2043,1.2115
1170,1.2189,1.211,1.21495
1171,1.2227,1.2124,1.21755
1172,1.2191,1.2071,1.2131
1173,1.2205,1.2068,1.21365
1174,1.2207,1.2135,1.2171
1175,1.2326,1.2147,1.22365
1176,1.2334,1.227,1.2302
1177,1.2328,1.2266,1.2297
1178,1.2387,1.2276,1.23315
1179,1.2405,1.2342,1.23735
1180,1.242,1.2372,1.2396
1181,1.2434,1.2384,1.2409
1182,1.2412,1.2302,1.2357
1183,1.242,1.2321,1.23705
1184,1.2388,1.233,1.2359
1185,1.246,1.2328,1.2394
1186,1.246,1.2401,1.24305
1187,1.2451,1.2301,1.2376
1188,1.2349,1.2212,1.22805
1189,1.2292,1.2235,1.22635
1190,1.2265,1.2089,1.2177
1191,1.217,1.2091,1.21305
1192,1.2188,1.2037,1.21125
1193,1.2076,1.2002,1.2039
1194,1.2095,1.1993,1.2044
1195,1.2118,1.2003,1.20605
1196,1.2092,1.2026,1.2059
1197,1.2075,1.1996,1.20355
1198,1.2066,1.197,1.2018
1199,1.2072,1.2022,1.2047
1200,1.2282,1.2047,1.21645
1201,1.2289,1.2247,1.2268
1202,1.2318,1.2233,1.22755
1203,1.2247,1.2197,1.2222
1204,1.2304,1.2216,1.226
1205,1.2372,1.218,1.2276
1206,1.2381,1.2317,1.2349
1207,1.2385,1.2311,1.2348
1208,1.2364,1.2292,1.2328
1209,1.2378,1.2325,1.23515
1210,1.2378,1.2278,1.2328
1211,1.2315,1.2133,1.2224
1212,1.2166,1.2064,1.2115
1213,1.2115,1.2053,1.2084
1214,1.2115,1.2043,1.2079
1215,1.2134,1.2009,1.20715
1216,1.2068,1.1989,1.20285
1217,1.2192,1.2045,1.21185
1218,1.2218,1.2147,1.21825
1219,1.2199,1.2143,1.2171
1220,1.2193,1.2043,1.2118
1221,1.2077,1.2049,1.2063
1222,1.211,1.2056,1.2083
1223,1.219,1.2028,1.2109
1224,1.2206,1.216,1.2183
1225,1.2311,1.2199,1.2255
1226,1.2285,1.2224,1.22545
1227,1.2294,1.2227,1.22605
1228,1.2259,1.2135,1.2197
1229,1.2196,1.2123,1.21595
1230,1.2221,1.216,1.21905
1231,1.2183,1.2127,1.2155
1232,1.2345,1.2169,1.2257
1233,1.2333,1.2227,1.228
1234,1.2333,1.2255,1.2294
1235,1.2362,1.2238,1.23
1236,1.2314,1.2249,1.22815
1237,1.2347,1.2282,1.23145
1238,1.2339,1.229,1.23145
1239,1.2434,1.2315,1.23745
1240,1.2438,1.2387,1.24125
1241,1.2397,1.2259,1.2328
1242,1.2328,1.2264,1.2296
1243,1.2321,1.2249,1.2285
1244,1.2312,1.2273,1.22925
1245,1.2432,1.2284,1.2358
1246,1.2421,1.2374,1.23975
1247,1.2389,1.2289,1.2339
1248,1.2357,1.2227,1.2292
1249,1.2418,1.2322,1.237
1250,1.2503,1.238,1.24415
1251,1.2533,1.2464,1.24985
1252,1.2525,1.2454,1.24895
1253,1.2628,1.2501,1.25645
1254,1.2651,1.2574,1.26125
1255,1.2658,1.2598,1.2628
1256,1.2829,1.2712,1.27705
1257,1.2842,1.2726,1.2784
1258,1.2814,1.2696,1.2755
1259,1.2766,1.2631,1.26985
1260,1.2794,1.2707,1.27505
1261,1.2833,1.2717,1.2775
1262,1.2755,1.2665,1.271
1263,1.2829,1.2656,1.27425
1264,1.2898,1.279,1.2844
1265,1.2969,1.276,1.28645
1266,1.2987,1.2905,1.2946
1267,1.2939,1.2883,1.2911
1268,1.3006,1.2848,1.2927
1269,1.2912,1.2858,1.2885
1270,1.2989,1.2872,1.29305
1271,1.2999,1.2915,1.2957
1272,1.2997,1.2917,1.2957
1273,1.3045,1.2955,1.3
1274,1.3072,1.2944,1.3008
1275,1.3068,1.2938,1.3003
1276,1.3053,1.3011,1.3032
1277,1.3108,1.2975,1.30415
1278,1.318,1.308,1.313
1279,1.3245,1.3163,1.3204
1280,1.3327,1.3188,1.32575
1281,1.3305,1.3229,1.3267
1282,1.3336,1.3231,1.32835
1283,1.3337,1.3276,1.33065
1284,1.3385,1.3236,1.33105
1285,1.3461,1.3256,1.33585
1286,1.3455,1.339,1.34225
1287,1.347,1.339,1.343
1288,1.3433,1.3196,1.33145
1289,1.3361,1.3255,1.3308
1290,1.3318,1.3139,1.32285
1291,1.3325,1.3191,1.3258
1292,1.3338,1.3262,1.33
1293,1.3441,1.3262,1.33515
1294,1.3429,1.3203,1.3316
1295,1.3317,1.3227,1.3272
1296,1.341,1.3298,1.3354
1297,1.3409,1.3353,1.3381
1298,1.3405,1.3344,1.33745
1299,1.3518,1.3381,1.34495
1300,1.3548,1.3485,1.35165
1301,1.364,1.3515,1.35775
1302,1.3644,1.3591,1.36175
1303,1.3647,1.3566,1.36065
1304,1.367,1.3574,1.3622
1305,1.3661,1.3513,1.3587
1306,1.3581,1.3381,1.3481
1307,1.3497,1.325,1.33735
1308,1.3304,1.3218,1.3261
1309,1.3283,1.3155,1.3219
1310,1.3251,1.3025,1.3138
1311,1.3118,1.3048,1.3083
1312,1.3174,1.3069,1.31215
1313,1.3293,1.3083,1.3188
1314,1.3268,1.3191,1.32295
1315,1.3221,1.3057,1.3139
1316,1.3128,1.3064,1.3096
1317,1.3076,1.2995,1.30355
1318,1.3119,1.2964,1.30415
1319,1.3024,1.2922,1.2973
1320,1.3068,1.2933,1.30005
1321,1.3097,1.3029,1.3063
1322,1.3076,1.2944,1.301
1323,1.3109,1.2967,1.3038
1324,1.3125,1.301,1.30675
1325,1.308,1.2985,1.30325
1326,1.3059,1.2975,1.3017
1327,1.3066,1.3001,1.30335
1328,1.3094,1.3009,1.30515
1329,1.3038,1.294,1.2989
1330,1.3043,1.2863,1.2953
1331,1.2875,1.2732,1.28035
1332,1.2798,1.2733,1.27655
1333,1.2815,1.2739,1.2777
1334,1.2906,1.2739,1.28225
1335,1.2897,1.2846,1.28715
1336,1.299,1.2866,1.2928
1337,2.028,2.0052,2.0166
1338,2.0342,2.0215,2.02785
1339,2.04,2.0285,2.03425
1340,2.0412,2.0276,2.0344
1341,2.033,2.0256,2.0293
1342,2.03,2.0205,2.02525
1343,2.0337,2.0245,2.0291
1344,2.032,2.0263,2.02915
1345,2.0315,2.0237,2.0276
1346,2.0223,2.0112,2.01675
1347,2.0145,2.0075,2.011
1348,2.014,2.0075,2.01075
1349,2.0127,2.0086,2.01065
1350,2.0186,2.0075,2.01305
1351,2.019,2.0048,2.0119
1352,2.007,2.0001,2.00355
1353,2.0095,1.999,2.00425
1354,2.0055,1.9995,2.0025
1355,2.003,1.9869,1.99495
1356,1.989,1.9738,1.9814
1357,1.9825,1.9667,1.9746
1358,1.9779,1.9665,1.9722
1359,1.98,1.969,1.9745
1360,1.9947,1.9715,1.9831
1361,1.994,1.9751,1.98455
1362,1.983,1.9755,1.97925
1363,1.9915,1.9785,1.985
1364,1.9967,1.985,1.99085
1365,1.996,1.9832,1.9896
1366,1.9879,1.979,1.98345
1367,1.9915,1.9777,1.9846
1368,1.9861,1.9765,1.9813
1369,1.987,1.979,1.983
1370,1.9955,1.9837,1.9896
1371,1.99,1.9811,1.98555
1372,1.989,1.9845,1.98675
1373,2.0081,1.987,1.99755
1374,2.028,2.0052,2.0166
1375,2.0342,2.0215,2.02785
1376,2.04,2.0285,2.03425
1377,2.0412,2.0276,2.0344
1378,2.033,2.0256,2.0293
1379,2.03,2.0205,2.02525
1380,2.0337,2.0245,2.0291
1381,2.032,2.0263,2.02915
1382,2.0315,2.0237,2.0276
1383,2.0223,2.0112,2.01675
1384,2.0145,2.0075,2.011
1385,2.014,2.0075,2.01075
1386,2.0127,2.0086,2.01065
1387,2.0186,2.0075,2.01305
1388,2.019,2.0048,2.0119
1389,2.007,2.0001,2.00355
1390,2.0095,1.999,2.00425
1391,2.0055,1.9995,2.0025
1392,2.003,1.9869,1.99495
1393,1.989,1.9738,1.9814
1394,1.9825,1.9667,1.9746
1395,1.9779,1.9665,1.9722
1396,1.98,1.969,1.9745
1397,1.9947,1.9715,1.9831
1398,1.994,1.9751,1.98455
1399,1.983,1.9755,1.97925
1400,1.9915,1.9785,1.985
1401,1.9967,1.985,1.99085
1402,1.996,1.9832,1.9896
1403,1.9879,1.979,1.98345
1404,1.9915,1.9777,1.9846
1405,1.9861,1.9765,1.9813
1406,1.987,1.979,1.983
1407,1.9955,1.9837,1.9896
1408,1.99,1.9811,1.98555
1409,1.989,1.9845,1.98675
1410,2.0081,1.987,1.99755
1411,2.009,2.0011,2.00505
1412,2.004,1.9888,1.9964
1413,1.9925,1.9725,1.9825
1414,1.9745,1.939,1.95675
1415,1.987,1.9645,1.97575
1416,1.9767,1.9625,1.9696
1417,1.9795,1.9612,1.97035
1418,1.968,1.9591,1.96355
1419,1.967,1.956,1.9615
1420,1.9625,1.9528,1.95765
1421,1.9632,1.9522,1.9577
1422,1.9698,1.9595,1.96465
1423,1.9685,1.9599,1.9642
1424,1.973,1.9615,1.96725
1425,1.9683,1.9592,1.96375
1426,1.9712,1.964,1.9676
1427,1.974,1.9645,1.96925
1428,1.9731,1.9658,1.96945
1429,1.9745,1.9685,1.9715
1430,1.9735,1.9632,1.96835
1431,1.963,1.9579,1.96045
1432,1.9732,1.96,1.9666
1433,1.9773,1.9674,1.97235
1434,1.979,1.9633,1.97115
1435,1.9699,1.9598,1.96485
1436,1.96,1.9477,1.95385
1437,1.9624,1.9512,1.9568
1438,1.963,1.953,1.958
1439,1.9604,1.95,1.9552
1440,1.9756,1.9516,1.9636
1441,1.971,1.9595,1.96525
1442,1.9645,1.9567,1.9606
1443,1.9615,1.9537,1.9576
1444,1.9627,1.9535,1.9581
1445,1.9646,1.9564,1.9605
1446,1.96,1.952,1.956
1447,1.9595,1.9513,1.9554
1448,1.962,1.951,1.9565
1449,1.967,1.9522,1.9596
1450,1.9525,1.9426,1.94755
1451,1.949,1.936,1.9425
1452,1.9425,1.9358,1.93915
1453,1.9397,1.9366,1.93815
1454,1.9449,1.9365,1.9407
1455,1.9395,1.9163,1.9279
1456,1.925,1.9175,1.92125
1457,1.9249,1.906,1.91545
1458,1.9136,1.903,1.9083
1459,1.9171,1.9071,1.9121
1460,1.9172,1.9033,1.91025
1461,1.9106,1.8886,1.8996
1462,1.897,1.8845,1.89075
1463,1.9011,1.8905,1.8958
1464,1.9045,1.8919,1.8982
1465,1.908,1.8945,1.90125
1466,1.9128,1.905,1.9089
1467,1.9107,1.8992,1.90495
1468,1.9199,1.898,1.90895
1469,1.919,1.9122,1.9156
1470,1.9105,1.9024,1.90645
1471,1.903,1.889,1.896
1472,1.896,1.8905,1.89325
1473,1.9002,1.8845,1.89235
1474,1.9074,1.8955,1.90145
1475,1.9155,1.9017,1.9086
1476,1.9126,1.903,1.9078
1477,1.913,1.898,1.9055
1478,1.934,1.911,1.9225
1479,1.9335,1.924,1.92875
1480,1.941,1.9245,1.93275
1481,1.9375,1.928,1.93275
1482,1.938,1.9283,1.93315
1483,1.9504,1.9297,1.94005
1484,1.949,1.9413,1.94515
1485,1.96,1.945,1.9525
1486,1.9627,1.953,1.95785
1487,1.9702,1.9513,1.96075
1488,1.957,1.946,1.9515
1489,1.956,1.949,1.9525
1490,1.9626,1.952,1.9573
1491,1.9655,1.9575,1.9615
1492,1.9605,1.95,1.95525
1493,1.9657,1.9485,1.9571
1494,1.9695,1.9576,1.96355
1495,1.962,1.9536,1.9578
1496,1.9545,1.9431,1.9488
1497,1.9475,1.9345,1.941
1498,1.9529,1.934,1.94345
1499,1.9396,1.9295,1.93455
1500,1.9468,1.9355,1.94115
1501,1.947,1.9399,1.94345
1502,1.9536,1.9415,1.94755
1503,1.9602,1.9505,1.95535
1504,1.9545,1.948,1.95125
1505,1.9521,1.946,1.94905
1506,1.9572,1.9505,1.95385
1507,1.9595,1.9495,1.9545
1508,1.9527,1.9458,1.94925
1509,1.9549,1.9475,1.9512
1510,1.9565,1.9492,1.95285
1511,1.9525,1.9392,1.94585
1512,1.9425,1.9329,1.9377
1513,1.939,1.9317,1.93535
1514,1.94,1.934,1.937
1515,1.9365,1.923,1.92975
1516,1.926,1.9193,1.92265
1517,1.9333,1.92,1.92665
1518,1.9381,1.931,1.93455
1519,1.9375,1.931,1.93425
1520,1.9428,1.932,1.9374
1521,1.945,1.938,1.9415
1522,1.944,1.9316,1.9378
1523,1.9335,1.9225,1.928
1524,1.9294,1.922,1.9257
1525,1.9285,1.914,1.92125
1526,1.919,1.9113,1.91515
1527,1.918,1.8997,1.90885
1528,1.91,1.9014,1.9057
1529,1.9112,1.905,1.9081
1530,1.909,1.8987,1.90385
1531,1.9034,1.8963,1.89985
1532,1.9097,1.9005,1.9051
1533,1.914,1.9023,1.90815
1534,1.9068,1.9001,1.90345
1535,1.914,1.9055,1.90975
1536,1.9175,1.9065,1.912
1537,1.9176,1.9117,1.91465
1538,1.9185,1.9062,1.91235
1539,1.9075,1.9009,1.9042
1540,1.9035,1.8949,1.8992
1541,1.9004,1.891,1.8957
1542,1.9051,1.8995,1.9023
1543,1.9072,1.8975,1.90235
1544,1.9045,1.8986,1.90155
1545,1.902,1.8914,1.8967
1546,1.894,1.887,1.8905
1547,1.897,1.8838,1.8904
1548,1.9018,1.8875,1.89465
1549,1.904,1.8965,1.90025
1550,1.899,1.885,1.892
1551,1.8895,1.8688,1.87915
1552,1.8766,1.8635,1.87005
1553,1.874,1.864,1.869
1554,1.8725,1.8565,1.8645
1555,1.8691,1.855,1.86205
1556,1.8705,1.8585,1.8645
1557,1.8735,1.8565,1.865
1558,1.87,1.8535,1.86175
1559,1.8575,1.8512,1.85435
1560,1.8565,1.8476,1.85205
1561,1.852,1.844,1.848
1562,1.8593,1.846,1.85265
1563,1.904,1.8573,1.88065
1564,1.883,1.871,1.877
1565,1.8833,1.873,1.87815
1566,1.8885,1.8782,1.88335
1567,1.8863,1.878,1.88215
1568,1.885,1.875,1.88
1569,1.8855,1.878,1.88175
1570,1.8785,1.873,1.87575
1571,1.878,1.8716,1.8748
1572,1.8786,1.8679,1.87325
1573,1.874,1.8666,1.8703
1574,1.871,1.867,1.869
1575,1.8745,1.866,1.87025
1576,1.8765,1.868,1.87225
1577,1.868,1.8612,1.8646
1578,1.866,1.8529,1.85945
1579,1.856,1.8459,1.85095
1580,1.8556,1.8475,1.85155
1581,1.8575,1.8326,1.84505
1582,1.8445,1.8381,1.8413
1583,1.849,1.8349,1.84195
1584,1.842,1.8349,1.83845
1585,1.84,1.8345,1.83725
1586,1.8385,1.8248,1.83165
1587,1.8321,1.8228,1.82745
1588,1.8444,1.8285,1.83645
1589,1.853,1.839,1.846
1590,1.85,1.838,1.844
1591,1.8614,1.847,1.8542
1592,1.8665,1.8555,1.861
1593,1.88,1.8575,1.86875
1594,1.873,1.8559,1.86445
1595,1.8665,1.8576,1.86205
1596,1.869,1.8517,1.86035
1597,1.8674,1.852,1.8597
1598,1.8705,1.8598,1.86515
1599,1.8665,1.8579,1.8622
1600,1.8615,1.8549,1.8582
1601,1.863,1.8554,1.8592
1602,1.86,1.8516,1.8558
1603,1.8575,1.8482,1.85285
1604,1.8522,1.8463,1.84925
1605,1.853,1.8416,1.8473
1606,1.8485,1.8411,1.8448
1607,1.846,1.8385,1.84225
1608,1.8455,1.8375,1.8415
1609,1.8525,1.839,1.84575
1610,1.858,1.8505,1.85425
1611,1.8658,1.8555,1.86065
1612,1.8737,1.857,1.86535
1613,1.879,1.8701,1.87455
1614,1.8932,1.8755,1.88435
1615,1.8905,1.8787,1.8846
1616,1.892,1.877,1.8845
1617,1.8975,1.8856,1.89155
1618,1.8915,1.8822,1.88685
1619,1.8865,1.875,1.88075
1620,1.884,1.8753,1.87965
1621,1.882,1.8715,1.87675
1622,1.8901,1.8755,1.8828
1623,1.9,1.8905,1.89525
1624,1.9015,1.8924,1.89695
1625,1.8965,1.888,1.89225
1626,1.9095,1.895,1.90225
1627,1.917,1.906,1.9115
1628,1.926,1.9145,1.92025
1629,1.9235,1.9235,1.9235
1630,1.9325,1.9235,1.928
1631,1.934,1.9273,1.93065
1632,1.932,1.9247,1.92835
1633,1.94,1.928,1.934
1634,1.9398,1.9398,1.9398
1635,1.9515,1.937,1.94425
1636,1.957,1.9269,1.94195
1637,1.952,1.9265,1.93925
1638,1.9595,1.9467,1.9531
1639,1.959,1.9468,1.9529
1640,1.9475,1.9385,1.943
1641,1.9465,1.9379,1.9422
1642,1.9554,1.9465,1.95095
1643,1.958,1.9468,1.9524
1644,1.953,1.941,1.947
1645,1.9445,1.9373,1.9409
1646,1.945,1.929,1.937
1647,1.9465,1.935,1.94075
1648,1.9505,1.9339,1.9422
1649,1.9396,1.9271,1.93335
1650,1.945,1.937,1.941
1651,1.937,1.9216,1.9293
1652,1.924,1.9118,1.9179
1653,1.9315,1.9199,1.9257
1654,1.926,1.9177,1.92185
1655,1.928,1.9145,1.92125
1656,1.9365,1.9255,1.931
1657,1.9445,1.936,1.94025
1658,1.942,1.9318,1.9369
1659,1.9441,1.934,1.93905
1660,1.9385,1.9284,1.93345
1661,1.935,1.926,1.9305
1662,1.93,1.9151,1.92255
1663,1.9273,1.913,1.92015
1664,1.933,1.9245,1.92875
1665,1.933,1.9172,1.9251
1666,1.922,1.9166,1.9193
1667,1.9195,1.9028,1.91115
1668,1.9177,1.9045,1.9111
1669,1.9235,1.912,1.91775
1670,1.924,1.9051,1.91455
1671,1.918,1.906,1.912
1672,1.913,1.9016,1.9073
1673,1.9208,1.9025,1.91165
1674,1.9185,1.9079,1.9132
1675,1.9206,1.9085,1.91455
1676,1.9255,1.916,1.92075
1677,1.9321,1.922,1.92705
1678,1.938,1.9285,1.93325
1679,1.9365,1.9284,1.93245
1680,1.9339,1.925,1.92945
1681,1.937,1.9263,1.93165
1682,1.934,1.927,1.9305
1683,1.9375,1.9295,1.9335
1684,1.934,1.926,1.93
1685,1.931,1.9133,1.92215
1686,1.921,1.908,1.9145
1687,1.913,1.8957,1.90435
1688,1.9,1.8913,1.89565
1689,1.9015,1.8935,1.8975
1690,1.909,1.8985,1.90375
1691,1.9125,1.8936,1.90305
1692,1.8965,1.8833,1.8899
1693,1.8965,1.8855,1.891
1694,1.8968,1.8885,1.89265
1695,1.8992,1.8897,1.89445
1696,1.8945,1.8848,1.88965
1697,1.8885,1.8798,1.88415
1698,1.886,1.8755,1.88075
1699,1.8836,1.873,1.8783
1700,1.8969,1.8795,1.8882
1701,1.9051,1.8935,1.8993
1702,1.909,1.894,1.9015
1703,1.9049,1.8925,1.8987
1704,1.9045,1.899,1.90175
1705,1.899,1.8862,1.8926
1706,1.8915,1.881,1.88625
1707,1.8942,1.8837,1.88895
1708,1.8934,1.89,1.8917
1709,1.8905,1.8833,1.8869
1710,1.891,1.8777,1.88435
1711,1.8897,1.8699,1.8798
1712,1.8957,1.881,1.88835
1713,1.9047,1.8955,1.9001
1714,1.9025,1.8945,1.8985
1715,1.901,1.8931,1.89705
1716,1.9001,1.8905,1.8953
1717,1.9041,1.8945,1.8993
1718,1.9055,1.889,1.89725
1719,1.8925,1.8853,1.8889
1720,1.894,1.8855,1.88975
1721,1.8951,1.8885,1.8918
1722,1.8975,1.8882,1.89285
1723,1.901,1.8894,1.8952
1724,1.8935,1.8901,1.8918
1725,1.891,1.8827,1.88685
1726,1.8859,1.8814,1.88365
1727,1.892,1.8781,1.88505
1728,1.8825,1.8737,1.8781
1729,1.876,1.8727,1.87435
1730,1.8799,1.873,1.87645
1731,1.8865,1.875,1.88075
1732,1.888,1.879,1.8835
1733,1.883,1.8756,1.8793
1734,1.882,1.874,1.878
1735,1.8775,1.8626,1.87005
1736,1.8662,1.8548,1.8605
1737,1.8612,1.85,1.8556
1738,1.8625,1.8535,1.858
1739,1.8615,1.858,1.85975
1740,1.861,1.8529,1.85695
1741,1.859,1.8535,1.85625
1742,1.8568,1.8444,1.8506
1743,1.8497,1.8433,1.8465
1744,1.8538,1.8442,1.849
1745,1.8535,1.842,1.84775
1746,1.857,1.8448,1.8509
1747,1.8516,1.8455,1.84855
1748,1.8517,1.846,1.84885
1749,1.854,1.8411,1.84755
1750,1.8535,1.8414,1.84745
1751,1.8568,1.851,1.8539
1752,1.8635,1.8486,1.85605
1753,1.8672,1.86,1.8636
1754,1.8645,1.8575,1.861
1755,1.8612,1.8531,1.85715
1756,1.8557,1.8496,1.85265
1757,1.858,1.8515,1.85475
1758,1.8576,1.851,1.8543
1759,1.8625,1.8565,1.8595
1760,1.865,1.8585,1.86175
1761,1.866,1.8588,1.8624
1762,1.8615,1.8435,1.8525
1763,1.8497,1.8435,1.8466
1764,1.8515,1.8435,1.8475
1765,1.8505,1.8455,1.848
1766,1.8505,1.8435,1.847
1767,1.848,1.8355,1.84175
1768,1.8477,1.8345,1.8411
1769,1.8507,1.844,1.84735
1770,1.8574,1.8485,1.85295
1771,1.8641,1.8535,1.8588
1772,1.859,1.8507,1.85485
1773,1.856,1.851,1.8535
1774,1.86,1.8535,1.85675
1775,1.8608,1.849,1.8549
1776,1.8737,1.857,1.86535
1777,1.8785,1.8679,1.8732
1778,1.8785,1.8703,1.8744
1779,1.8715,1.8654,1.86845
1780,1.8762,1.8685,1.87235
1781,1.8813,1.8715,1.8764
1782,1.8823,1.8748,1.87855
1783,1.8805,1.8724,1.87645
1784,1.8772,1.872,1.8746
1785,1.8782,1.8725,1.87535
1786,1.883,1.8755,1.87925
1787,1.884,1.8785,1.88125
1788,1.8873,1.878,1.88265
1789,1.883,1.8785,1.88075
1790,1.8815,1.875,1.87825
1791,1.8807,1.8735,1.8771
1792,1.8941,1.8805,1.8873
1793,1.8959,1.891,1.89345
1794,1.9007,1.8925,1.8966
1795,1.9035,1.8935,1.8985
1796,1.914,1.902,1.908
1797,1.92,1.9093,1.91465
1798,1.9179,1.91,1.91395
1799,1.92,1.911,1.9155
1800,1.9175,1.9078,1.91265
1801,1.924,1.9135,1.91875
1802,1.9168,1.91,1.9134
1803,1.9165,1.9079,1.9122
1804,1.9124,1.908,1.9102
1805,1.9126,1.9024,1.9075
1806,1.915,1.9085,1.91175
1807,1.918,1.906,1.912
1808,1.92,1.9064,1.9132
1809,1.9105,1.9059,1.9082
1810,1.908,1.8847,1.89635
1811,1.891,1.8855,1.88825
1812,1.8961,1.8825,1.8893
1813,1.9066,1.893,1.8998
1814,1.9075,1.8979,1.9027
1815,1.9165,1.895,1.90575
1816,1.915,1.901,1.908
1817,1.9123,1.9045,1.9084
1818,1.925,1.908,1.9165
1819,1.9335,1.9172,1.92535
1820,1.926,1.9185,1.92225
1821,1.9325,1.923,1.92775
1822,1.9295,1.923,1.92625
1823,1.9275,1.9091,1.9183
1824,1.9197,1.9105,1.9151
1825,1.9249,1.9145,1.9197
1826,1.9245,1.9195,1.922
1827,1.923,1.9175,1.92025
1828,1.918,1.9085,1.91325
1829,1.9176,1.906,1.9118
1830,1.9195,1.9135,1.9165
1831,1.9232,1.9127,1.91795
1832,1.9165,1.9113,1.9139
1833,1.9205,1.9155,1.918
1834,1.9245,1.9165,1.9205
1835,1.9225,1.9133,1.9179
1836,1.9158,1.9104,1.9131
1837,1.9125,1.8991,1.9058
1838,1.9123,1.901,1.90665
1839,1.9135,1.9071,1.9103
1840,1.9112,1.9039,1.90755
1841,1.9092,1.901,1.9051
1842,1.9057,1.9,1.90285
1843,1.904,1.8966,1.9003
1844,1.9,1.8895,1.89475
1845,1.8925,1.887,1.88975
1846,1.8945,1.89,1.89225
1847,1.8979,1.888,1.89295
1848,1.895,1.8904,1.8927
1849,1.9051,1.892,1.89855
1850,1.91,1.9035,1.90675
1851,1.9075,1.8986,1.90305
1852,1.9119,1.8995,1.9057
1853,1.9073,1.9015,1.9044
1854,1.9015,1.8945,1.898
1855,1.8995,1.8956,1.89755
1856,1.9045,1.8938,1.89915
1857,1.8985,1.8907,1.8946
1858,1.8946,1.889,1.8918
1859,1.9014,1.8915,1.89645
1860,1.894,1.8791,1.88655
1861,1.8843,1.878,1.88115
1862,1.8853,1.8805,1.8829
1863,1.8865,1.881,1.88375
1864,1.885,1.8766,1.8808
1865,1.8842,1.878,1.8811
1866,1.8835,1.8754,1.87945
1867,1.879,1.876,1.8775
1868,1.8812,1.8735,1.87735
1869,1.883,1.8775,1.88025
1870,1.884,1.8772,1.8806
1871,1.8885,1.882,1.88525
1872,1.8919,1.8855,1.8887
1873,1.8982,1.8845,1.89135
1874,1.8965,1.889,1.89275
1875,1.8923,1.8885,1.8904
1876,1.894,1.8846,1.8893
1877,1.8953,1.886,1.89065
1878,1.895,1.8885,1.89175
1879,1.8915,1.8844,1.88795
1880,1.8925,1.8884,1.89045
1881,1.8993,1.892,1.89565
1882,1.8992,1.8918,1.8955
1883,1.9054,1.892,1.8987
1884,1.908,1.9015,1.90475
1885,1.904,1.8995,1.90175
1886,1.9035,1.8955,1.8995
1887,1.9013,1.8965,1.8989
1888,1.9013,1.8855,1.8934
1889,1.8905,1.8741,1.8823
1890,1.88,1.877,1.8785
1891,1.8815,1.8765,1.879
1892,1.8871,1.8778,1.88245
1893,1.8844,1.8792,1.8818
1894,1.8921,1.8825,1.8873
1895,1.8904,1.8904,1.8904
1896,1.9065,1.888,1.89725
1897,1.906,1.8975,1.90175
1898,1.9,1.894,1.897
1899,1.8995,1.8884,1.89395
1900,1.8935,1.888,1.89075
1901,1.8951,1.8867,1.8909
1902,1.8939,1.89,1.89195
1903,1.893,1.8896,1.8913
1904,1.8955,1.892,1.89375
1905,1.8945,1.883,1.88875
1906,1.8845,1.8805,1.8825
1907,1.885,1.879,1.882
1908,1.8849,1.8795,1.8822
1909,1.8865,1.883,1.88475
1910,1.8861,1.8811,1.8836
1911,1.889,1.876,1.8825
1912,1.8794,1.8753,1.87735
1913,1.8785,1.8632,1.87085
1914,1.866,1.8574,1.8617
1915,1.8656,1.8595,1.86255
1916,1.8675,1.8601,1.8638
1917,1.864,1.8578,1.8609
1918,1.8644,1.8565,1.86045
1919,1.8709,1.8605,1.8657
1920,1.8731,1.8651,1.8691
1921,1.8707,1.8634,1.86705
1922,1.8717,1.8645,1.8681
1923,1.8753,1.87,1.87265
1924,1.8802,1.8605,1.87035
1925,1.88,1.874,1.877
1926,1.877,1.8709,1.87395
1927,1.8744,1.8682,1.8713
1928,1.8741,1.8697,1.8719
1929,1.874,1.87,1.872
1930,1.8784,1.8665,1.87245
1931,1.8785,1.869,1.87375
1932,1.872,1.8681,1.87005
1933,1.8775,1.8683,1.8729
1934,1.8745,1.8689,1.8717
1935,1.872,1.8616,1.8668
1936,1.8667,1.8625,1.8646
1937,1.8698,1.8635,1.86665
1938,1.8695,1.8632,1.86635
1939,1.8715,1.863,1.86725
1940,1.872,1.8651,1.86855
1941,1.8774,1.8699,1.87365
1942,1.8839,1.8755,1.8797
1943,1.8825,1.8721,1.8773
1944,1.877,1.8735,1.87525
1945,1.8762,1.8705,1.87335
1946,1.8784,1.8725,1.87545
1947,1.8845,1.8755,1.88
1948,1.8871,1.8809,1.884
1949,1.883,1.8784,1.8807
1950,1.8841,1.8797,1.8819
1951,1.886,1.8785,1.88225
1952,1.886,1.8806,1.8833
1953,1.883,1.8748,1.8789
1954,1.878,1.8753,1.87665
1955,1.8796,1.8733,1.87645
1956,1.877,1.872,1.8745
1957,1.874,1.87,1.872
1958,1.8728,1.8703,1.87155
1959,1.8822,1.8715,1.87685
1960,1.8816,1.8775,1.87955
1961,1.8831,1.8775,1.8803
1962,1.8857,1.8767,1.8812
1963,1.8815,1.8774,1.87945
1964,1.8795,1.8735,1.8765
1965,1.8811,1.8737,1.8774
1966,1.8827,1.8789,1.8808
1967,1.8847,1.879,1.88185
1968,1.8828,1.8774,1.8801
1969,1.882,1.879,1.8805
1970,1.884,1.8791,1.88155
1971,1.8896,1.882,1.8858
1972,1.892,1.8857,1.88885
1973,1.8923,1.8879,1.8901
1974,1.8906,1.8868,1.8887
1975,1.8901,1.8861,1.8881
1976,1.893,1.8873,1.89015
1977,1.8991,1.8918,1.89545
1978,1.9018,1.8963,1.89905
1979,1.9043,1.9008,1.90255
1980,1.9041,1.899,1.90155
1981,1.9083,1.8996,1.90395
1982,1.9078,1.9011,1.90445
1983,1.9174,1.9025,1.90995
1984,1.9183,1.9136,1.91595
1985,1.919,1.9115,1.91525
1986,1.9151,1.9037,1.9094
1987,1.9112,1.904,1.9076
1988,1.9148,1.9086,1.9117
1989,1.9165,1.9097,1.9131
1990,1.9124,1.9011,1.90675
1991,1.9118,1.8996,1.9057
1992,1.9141,1.9086,1.91135
1993,1.9219,1.911,1.91645
1994,1.9228,1.9178,1.9203
1995,1.922,1.9162,1.9191
1996,1.9277,1.9183,1.923
1997,1.9267,1.918,1.92235
1998,1.9231,1.9168,1.91995
1999,1.922,1.9185,1.92025
2000,1.9306,1.92,1.9253
2001,1.9369,1.9273,1.9321
2002,1.9412,1.9348,1.938
2003,1.9403,1.9282,1.93425
2004,1.9396,1.9305,1.93505
2005,1.9453,1.9394,1.94235
2006,1.9415,1.9352,1.93835
2007,1.9471,1.934,1.94055
2008,1.9488,1.9428,1.9458
2009,1.9484,1.9395,1.94395
2010,1.9474,1.94,1.9437
2011,1.9505,1.9432,1.94685
2012,1.9473,1.9395,1.9434
2013,1.9527,1.9417,1.9472
2014,1.9467,1.9411,1.9439
2015,1.952,1.9434,1.9477
2016,1.9579,1.9517,1.9548
2017,1.9663,1.956,1.96115
2018,1.9718,1.9632,1.9675
2019,1.9817,1.9681,1.9749
2020,1.9778,1.966,1.9719
2021,1.9945,1.9792,1.98685
2022,1.9898,1.9805,1.98515
2023,1.999,1.984,1.9915
2024,1.9973,1.9865,1.9919
2025,1.9918,1.9798,1.9858
2026,1.9874,1.9765,1.98195
2027,1.9806,1.975,1.9778
2028,1.98,1.9717,1.97585
2029,1.988,1.973,1.9805
2030,1.9953,1.987,1.99115
2031,1.9969,1.9859,1.9914
2032,1.9939,1.9837,1.9888
2033,1.9925,1.9852,1.98885
2034,2.0089,1.9908,1.99985
2035,2.0147,2.0025,2.0086
2036,2.0162,2.0032,2.0097
2037,2.0099,2.0043,2.0071
2038,2.022,2.0105,2.01625
2039,2.0135,2.0054,2.00945
2040,2.0089,1.9845,1.9967
2041,1.9979,1.9875,1.9927
2042,2.0036,1.9939,1.99875
2043,2.0065,1.986,1.99625
2044,1.9889,1.9766,1.98275
2045,1.9893,1.9766,1.98295
2046,1.9854,1.9755,1.98045
2047,1.9856,1.9726,1.9791
2048,1.9917,1.9837,1.9877
2049,1.9876,1.9806,1.9841
2050,1.9808,1.9624,1.9716
2051,1.9761,1.964,1.97005
2052,1.9772,1.9641,1.97065
2053,1.974,1.9656,1.9698
2054,1.98,1.9692,1.9746
2055,1.9827,1.9754,1.97905
2056,1.9893,1.9783,1.9838
2057,1.9845,1.9747,1.9796
2058,1.9867,1.9785,1.9826
2059,1.987,1.975,1.981
2060,1.9809,1.9728,1.97685
2061,1.9849,1.9752,1.98005
2062,1.9811,1.9676,1.97435
2063,1.9731,1.9664,1.96975
2064,1.974,1.9685,1.97125
2065,1.9839,1.9703,1.9771
2066,1.9836,1.9793,1.98145
2067,1.9868,1.9776,1.9822
2068,1.9865,1.9796,1.98305
2069,1.9855,1.9798,1.98265
2070,1.9975,1.983,1.99025
2071,1.9975,1.9907,1.9941
2072,1.999,1.9886,1.9938
2073,1.9954,1.981,1.9882
2074,1.9829,1.978,1.98045
2075,1.984,1.9723,1.97815
2076,1.9769,1.9703,1.9736
2077,1.9818,1.9741,1.97795
2078,1.984,1.9707,1.97735
2079,1.9728,1.9662,1.9695
2080,1.9721,1.9608,1.96645
2081,1.9796,1.9687,1.97415
2082,1.9859,1.9762,1.98105
2083,1.9876,1.9783,1.98295
2084,1.9858,1.975,1.9804
2085,1.9838,1.9758,1.9798
2086,1.9853,1.9758,1.98055
2087,1.981,1.9728,1.9769
2088,1.9804,1.9749,1.97765
2089,1.9899,1.9806,1.98525
2090,1.9892,1.9828,1.986
2091,1.986,1.9812,1.9836
2092,1.9908,1.9857,1.98825
2093,1.9882,1.9782,1.9832
2094,1.9828,1.9778,1.9803
2095,1.9845,1.9764,1.98045
2096,1.9913,1.9779,1.9846
2097,1.9926,1.9848,1.9887
2098,1.988,1.9834,1.9857
2099,1.9892,1.9857,1.98745
2100,1.9886,1.9792,1.9839
2101,1.9835,1.9803,1.9819
2102,1.9814,1.9697,1.97555
2103,1.9742,1.9698,1.972
2104,1.9765,1.9688,1.97265
2105,1.9801,1.972,1.97605
2106,1.9796,1.9748,1.9772
2107,1.9778,1.9724,1.9751
2108,1.9795,1.9757,1.9776
2109,1.9847,1.9729,1.9788
2110,1.9867,1.983,1.98485
2111,1.9864,1.9815,1.98395
2112,1.9908,1.9835,1.98715
2113,2.0004,1.989,1.9947
2114,1.9975,1.9935,1.9955
2115,2.0041,1.9972,2.00065
2116,2.005,1.9941,1.99955
2117,2.0097,1.9989,2.0043
2118,2.0149,2.0074,2.01115
2119,2.017,2.0095,2.01325
2120,2.0137,2.0068,2.01025
2121,2.0129,2.0048,2.00885
2122,2.01,2.0029,2.00645
2123,2.0096,2.0013,2.00545
2124,2.0119,2.0062,2.00905
2125,2.014,2.0008,2.0074
2126,2.0045,1.999,2.00175
2127,2.004,1.9979,2.00095
2128,2.0033,1.9961,1.9997
2129,1.997,1.991,1.994
2130,1.9936,1.9896,1.9916
2131,1.994,1.9876,1.9908
2132,1.9959,1.9889,1.9924
2133,1.9956,1.9915,1.99355
2134,1.9983,1.9861,1.9922
2135,2.0001,1.9957,1.9979
2136,2.0029,1.9963,1.9996
2137,2.0018,1.9971,1.99945
2138,2.0128,1.9998,2.0063
2139,2.0118,2.0068,2.0093
2140,2.014,2.0071,2.01055
2141,2.01,2.006,2.008
2142,2.0197,2.0077,2.0137
2143,2.026,2.017,2.0215
2144,2.0249,2.0195,2.0222
2145,2.0335,2.0211,2.0273
2146,2.0283,2.0224,2.02535
2147,2.0288,2.0243,2.02655
2148,2.0276,2.0244,2.026
2149,2.0317,2.0216,2.02665
2150,2.0326,2.0255,2.02905
2151,2.0325,2.0295,2.031
2152,2.0375,2.0329,2.0352
2153,2.0441,2.0362,2.04015
2154,2.0483,2.0408,2.04455
2155,2.0504,2.0454,2.0479
2156,2.0504,2.0454,2.0479
2157,2.0497,2.0333,2.0415
2158,2.0437,2.0342,2.03895
2159,2.0493,2.0416,2.04545
2160,2.0468,2.0399,2.04335
2161,2.0534,2.036,2.0447
2162,2.0538,2.0495,2.05165
2163,2.0586,2.047,2.0528
2164,2.0582,2.0528,2.0555
2165,2.0598,2.0537,2.05675
2166,2.0592,2.0506,2.0549
2167,2.0628,2.0547,2.05875
2168,2.068,2.0607,2.06435
2169,2.069,2.063,2.066
2170,2.0733,2.0634,2.06835
2171,2.0737,2.0686,2.07115
2172,2.078,2.0706,2.0743
2173,2.085,2.074,2.0795
2174,2.0905,2.0781,2.0843
2175,2.0858,2.0784,2.0821
2176,2.09,2.0808,2.0854
2177,2.0844,2.0733,2.07885
2178,2.0831,2.0724,2.07775
2179,2.0791,2.0695,2.0743
2180,2.0905,2.077,2.08375
2181,2.0936,2.0739,2.08375
2182,2.0863,2.0765,2.0814
2183,2.0836,2.0733,2.07845
2184,2.0828,2.0725,2.07765
2185,2.076,2.0667,2.07135
2186,2.077,2.0705,2.07375
2187,2.086,2.0705,2.07825
2188,2.085,2.0758,2.0804
2189,2.0791,2.0677,2.0734
2190,2.0756,2.0679,2.07175
2191,2.0765,2.0665,2.0715
2192,2.0836,2.0744,2.079
2193,2.0846,2.075,2.0798
2194,2.0806,2.0708,2.0757
2195,2.0822,2.0744,2.0783
2196,2.0811,2.073,2.07705
2197,2.0836,2.0735,2.07855
2198,2.0807,2.0736,2.07715
2199,2.0899,2.0769,2.0834
2200,2.0936,2.0877,2.09065
2201,2.1005,2.0886,2.09455
2202,2.1012,2.0927,2.09695
2203,2.1066,2.0968,2.1017
2204,2.1066,2.1001,2.10335
2205,2.1084,2.1006,2.1045
2206,2.1056,2.0983,2.10195
2207,2.1008,2.0795,2.09015
2208,2.0819,2.069,2.07545
2209,2.0843,2.0589,2.0716
2210,2.0655,2.0544,2.05995
2211,2.0655,2.0555,2.0605
2212,2.0675,2.053,2.06025
2213,2.0622,2.0501,2.05615
2214,2.0674,2.0568,2.0621
2215,2.0722,2.0633,2.06775
2216,2.0703,2.0622,2.06625
2217,2.0744,2.0674,2.0709
2218,2.0802,2.0671,2.07365
2219,2.028,2.0052,2.0166
2220,2.0342,2.0215,2.02785
2221,2.04,2.0285,2.03425
2222,2.0412,2.0276,2.0344
2223,2.033,2.0256,2.0293
2224,2.03,2.0205,2.02525
2225,2.0337,2.0245,2.0291
2226,2.032,2.0263,2.02915
2227,2.0315,2.0237,2.0276
2228,2.0223,2.0112,2.01675
2229,2.0145,2.0075,2.011
2230,2.014,2.0075,2.01075
2231,2.0127,2.0086,2.01065
2232,2.0186,2.0075,2.01305
2233,2.019,2.0048,2.0119
2234,2.007,2.0001,2.00355
2235,2.0095,1.999,2.00425
2236,2.0055,1.9995,2.0025
2237,2.003,1.9869,1.99495
2238,1.989,1.9738,1.9814
2239,1.9825,1.9667,1.9746
2240,1.9779,1.9665,1.9722
2241,1.98,1.969,1.9745
2242,1.9947,1.9715,1.9831
2243,1.994,1.9751,1.98455
2244,1.983,1.9755,1.97925
2245,1.9915,1.9785,1.985
2246,1.9967,1.985,1.99085
2247,1.996,1.9832,1.9896
2248,1.9879,1.979,1.98345
2249,1.9915,1.9777,1.9846
2250,1.9861,1.9765,1.9813
2251,1.987,1.979,1.983
2252,1.9955,1.9837,1.9896
2253,1.99,1.9811,1.98555
2254,1.989,1.9845,1.98675
2255,2.0081,1.987,1.99755
2256,2.009,2.0011,2.00505
2257,2.004,1.9888,1.9964
2258,1.9925,1.9725,1.9825
2259,2.028,2.0052,2.0166
2260,2.0342,2.0215,2.02785
2261,2.04,2.0285,2.03425
2262,2.0412,2.0276,2.0344
2263,2.033,2.0256,2.0293
2264,2.03,2.0205,2.02525
2265,2.0337,2.0245,2.0291
2266,2.032,2.0263,2.02915
2267,2.0315,2.0237,2.0276
2268,2.0223,2.0112,2.01675
2269,2.0145,2.0075,2.011
2270,2.014,2.0075,2.01075
2271,2.0127,2.0086,2.01065
2272,2.0186,2.0075,2.01305
2273,2.019,2.0048,2.0119
2274,2.007,2.0001,2.00355
2275,2.0095,1.999,2.00425
2276,2.0055,1.9995,2.0025
2277,2.003,1.9869,1.99495
2278,1.989,1.9738,1.9814
2279,1.9825,1.9667,1.9746
2280,1.9779,1.9665,1.9722
2281,1.98,1.969,1.9745
2282,1.9947,1.9715,1.9831
2283,1.994,1.9751,1.98455
2284,1.983,1.9755,1.97925
2285,1.9915,1.9785,1.985
2286,1.9967,1.985,1.99085
2287,1.996,1.9832,1.9896
2288,1.9879,1.979,1.98345
2289,1.9915,1.9777,1.9846
2290,1.9861,1.9765,1.9813
2291,1.987,1.979,1.983
2292,1.9955,1.9837,1.9896
2293,1.99,1.9811,1.98555
2294,1.989,1.9845,1.98675
2295,2.0081,1.987,1.99755
2296,2.009,2.0011,2.00505
2297,2.004,1.9888,1.9964
2298,1.9925,1.9725,1.9825
2299,1.9745,1.939,1.95675
2300,1.987,1.9645,1.97575
2301,1.9767,1.9625,1.9696
2302,1.9795,1.9612,1.97035
2303,1.968,1.9591,1.96355
2304,1.967,1.956,1.9615
2305,1.9625,1.9528,1.95765
2306,1.9632,1.9522,1.9577
2307,1.9698,1.9595,1.96465
2308,1.9685,1.9599,1.9642
2309,1.973,1.9615,1.96725
2310,1.9683,1.9592,1.96375
2311,1.9712,1.964,1.9676
2312,1.974,1.9645,1.96925
2313,1.9731,1.9658,1.96945
2314,1.9745,1.9685,1.9715
2315,1.9735,1.9632,1.96835
2316,1.963,1.9579,1.96045
2317,1.9732,1.96,1.9666
2318,1.9773,1.9674,1.97235
2319,1.979,1.9633,1.97115
2320,1.9699,1.9598,1.96485
2321,1.96,1.9477,1.95385
2322,1.9624,1.9512,1.9568
2323,1.963,1.953,1.958
2324,1.9604,1.95,1.9552
2325,1.9756,1.9516,1.9636
2326,1.971,1.9595,1.96525
2327,1.9645,1.9567,1.9606
2328,1.9615,1.9537,1.9576
2329,1.9627,1.9535,1.9581
2330,1.9646,1.9564,1.9605
2331,1.96,1.952,1.956
2332,1.9595,1.9513,1.9554
2333,1.962,1.951,1.9565
2334,1.967,1.9522,1.9596
2335,1.9525,1.9426,1.94755
2336,1.949,1.936,1.9425
2337,1.9425,1.9358,1.93915
2338,1.9397,1.9366,1.93815
2339,1.9449,1.9365,1.9407
2340,1.9395,1.9163,1.9279
2341,1.925,1.9175,1.92125
2342,1.9249,1.906,1.91545
2343,1.9136,1.903,1.9083
2344,1.9171,1.9071,1.9121
2345,1.9172,1.9033,1.91025
2346,1.9106,1.8886,1.8996
2347,1.897,1.8845,1.89075
2348,1.9011,1.8905,1.8958
2349,1.9045,1.8919,1.8982
2350,1.908,1.8945,1.90125
2351,1.9128,1.905,1.9089
2352,1.9107,1.8992,1.90495
2353,1.9199,1.898,1.90895
2354,1.919,1.9122,1.9156
2355,1.9105,1.9024,1.90645
2356,1.903,1.889,1.896
2357,1.896,1.8905,1.89325
2358,1.9002,1.8845,1.89235
2359,1.9074,1.8955,1.90145
2360,1.9155,1.9017,1.9086
2361,1.9126,1.903,1.9078
2362,1.913,1.898,1.9055
2363,1.934,1.911,1.9225
2364,1.9335,1.924,1.92875
2365,1.941,1.9245,1.93275
2366,1.9375,1.928,1.93275
2367,1.938,1.9283,1.93315
2368,1.9504,1.9297,1.94005
2369,1.949,1.9413,1.94515
2370,1.96,1.945,1.9525
2371,1.9627,1.953,1.95785
2372,1.9702,1.9513,1.96075
2373,1.957,1.946,1.9515
2374,1.956,1.949,1.9525
2375,1.9626,1.952,1.9573
2376,1.9655,1.9575,1.9615
2377,1.9605,1.95,1.95525
2378,1.9657,1.9485,1.9571
2379,1.9695,1.9576,1.96355
2380,1.962,1.9536,1.9578
2381,1.9545,1.9431,1.9488
2382,1.9475,1.9345,1.941
2383,1.9529,1.934,1.94345
2384,1.9396,1.9295,1.93455
2385,1.9468,1.9355,1.94115
2386,1.947,1.9399,1.94345
2387,1.9536,1.9415,1.94755
2388,1.9602,1.9505,1.95535
2389,1.9545,1.948,1.95125
2390,1.9521,1.946,1.94905
2391,1.9572,1.9505,1.95385
2392,1.9595,1.9495,1.9545
2393,1.9527,1.9458,1.94925
2394,1.9549,1.9475,1.9512
2395,1.9565,1.9492,1.95285
2396,1.9525,1.9392,1.94585
2397,1.9425,1.9329,1.9377
2398,1.939,1.9317,1.93535
2399,1.94,1.934,1.937
2400,1.9365,1.923,1.92975
2401,1.926,1.9193,1.92265
2402,1.9333,1.92,1.92665
2403,1.9381,1.931,1.93455
2404,1.9375,1.931,1.93425
2405,1.9428,1.932,1.9374
2406,1.945,1.938,1.9415
2407,1.944,1.9316,1.9378
2408,1.9335,1.9225,1.928
2409,1.9294,1.922,1.9257
2410,1.9285,1.914,1.92125
2411,1.919,1.9113,1.91515
2412,1.918,1.8997,1.90885
2413,1.91,1.9014,1.9057
2414,1.9112,1.905,1.9081
2415,1.909,1.8987,1.90385
2416,1.9034,1.8963,1.89985
2417,1.9097,1.9005,1.9051
2418,1.914,1.9023,1.90815
2419,1.9068,1.9001,1.90345
2420,1.914,1.9055,1.90975
2421,1.9175,1.9065,1.912
2422,1.9176,1.9117,1.91465
2423,1.9185,1.9062,1.91235
2424,1.9075,1.9009,1.9042
2425,1.9035,1.8949,1.8992
2426,1.9004,1.891,1.8957
2427,1.9051,1.8995,1.9023
2428,1.9072,1.8975,1.90235
2429,1.9045,1.8986,1.90155
2430,1.902,1.8914,1.8967
2431,1.894,1.887,1.8905
2432,1.897,1.8838,1.8904
2433,1.9018,1.8875,1.89465
2434,1.904,1.8965,1.90025
2435,1.899,1.885,1.892
2436,1.8895,1.8688,1.87915
2437,1.8766,1.8635,1.87005
2438,1.874,1.864,1.869
2439,1.8725,1.8565,1.8645
2440,1.8691,1.855,1.86205
2441,1.8705,1.8585,1.8645
2442,1.8735,1.8565,1.865
2443,1.87,1.8535,1.86175
2444,1.8575,1.8512,1.85435
2445,1.8565,1.8476,1.85205
2446,1.852,1.844,1.848
2447,1.8593,1.846,1.85265
2448,1.904,1.8573,1.88065
2449,1.883,1.871,1.877
2450,1.8833,1.873,1.87815
2451,1.8885,1.8782,1.88335
2452,1.8863,1.878,1.88215
2453,1.885,1.875,1.88
2454,1.8855,1.878,1.88175
2455,1.8785,1.873,1.87575
2456,1.878,1.8716,1.8748
2457,1.8786,1.8679,1.87325
2458,1.874,1.8666,1.8703
2459,1.871,1.867,1.869
2460,1.8745,1.866,1.87025
2461,1.8765,1.868,1.87225
2462,1.868,1.8612,1.8646
2463,1.866,1.8529,1.85945
2464,1.856,1.8459,1.85095
2465,1.8556,1.8475,1.85155
2466,1.8575,1.8326,1.84505
2467,1.8445,1.8381,1.8413
2468,1.849,1.8349,1.84195
2469,1.842,1.8349,1.83845
2470,1.84,1.8345,1.83725
2471,1.8385,1.8248,1.83165
2472,1.8321,1.8228,1.82745
2473,1.8444,1.8285,1.83645
2474,1.853,1.839,1.846
2475,1.85,1.838,1.844
2476,1.8614,1.847,1.8542
2477,1.8665,1.8555,1.861
2478,1.88,1.8575,1.86875
2479,1.873,1.8559,1.86445
2480,1.8665,1.8576,1.86205
2481,1.869,1.8517,1.86035
2482,1.8674,1.852,1.8597
2483,1.8705,1.8598,1.86515
2484,1.8665,1.8579,1.8622
2485,1.8615,1.8549,1.8582
2486,1.863,1.8554,1.8592
2487,1.86,1.8516,1.8558
2488,1.8575,1.8482,1.85285
2489,1.8522,1.8463,1.84925
2490,1.853,1.8416,1.8473
2491,1.8485,1.8411,1.8448
2492,1.846,1.8385,1.84225
2493,1.8455,1.8375,1.8415
2494,1.8525,1.839,1.84575
2495,1.858,1.8505,1.85425
2496,1.8658,1.8555,1.86065
2497,1.8737,1.857,1.86535
2498,1.879,1.8701,1.87455
2499,1.8932,1.8755,1.88435
2500,1.8905,1.8787,1.8846
2501,1.892,1.877,1.8845
2502,1.8975,1.8856,1.89155
2503,1.8915,1.8822,1.88685
2504,1.8865,1.875,1.88075
2505,1.884,1.8753,1.87965
2506,1.882,1.8715,1.87675
2507,1.8901,1.8755,1.8828
2508,1.9,1.8905,1.89525
2509,1.9015,1.8924,1.89695
2510,1.8965,1.888,1.89225
2511,1.9095,1.895,1.90225
2512,1.917,1.906,1.9115
2513,1.926,1.9145,1.92025
2514,1.9235,1.9235,1.9235
2515,1.9325,1.9235,1.928
2516,1.934,1.9273,1.93065
2517,1.932,1.9247,1.92835
2518,1.94,1.928,1.934
2519,1.9398,1.9398,1.9398
2520,1.9515,1.937,1.94425
2521,1.957,1.9269,1.94195
2522,1.952,1.9265,1.93925
2523,1.9595,1.9467,1.9531
2524,1.959,1.9468,1.9529
2525,1.9475,1.9385,1.943
2526,1.9465,1.9379,1.9422
2527,1.9554,1.9465,1.95095
2528,1.958,1.9468,1.9524
2529,1.953,1.941,1.947
2530,1.9445,1.9373,1.9409
2531,1.945,1.929,1.937
2532,1.9465,1.935,1.94075
2533,1.9505,1.9339,1.9422
2534,1.9396,1.9271,1.93335
2535,1.945,1.937,1.941
2536,1.937,1.9216,1.9293
2537,1.924,1.9118,1.9179
2538,1.9315,1.9199,1.9257
2539,1.926,1.9177,1.92185
2540,1.928,1.9145,1.92125
2541,1.9365,1.9255,1.931
2542,1.9445,1.936,1.94025
2543,1.942,1.9318,1.9369
2544,1.9441,1.934,1.93905
2545,1.9385,1.9284,1.93345
2546,1.935,1.926,1.9305
2547,1.93,1.9151,1.92255
2548,1.9273,1.913,1.92015
2549,1.933,1.9245,1.92875
2550,1.933,1.9172,1.9251
2551,1.922,1.9166,1.9193
2552,1.9195,1.9028,1.91115
2553,1.9177,1.9045,1.9111
2554,1.9235,1.912,1.91775
2555,1.924,1.9051,1.91455
2556,1.918,1.906,1.912
2557,1.913,1.9016,1.9073
2558,1.9208,1.9025,1.91165
2559,1.9185,1.9079,1.9132
2560,1.9206,1.9085,1.91455
2561,1.9255,1.916,1.92075
2562,1.9321,1.922,1.92705
2563,1.938,1.9285,1.93325
2564,1.9365,1.9284,1.93245
2565,1.9339,1.925,1.92945
2566,1.937,1.9263,1.93165
2567,1.934,1.927,1.9305
2568,1.9375,1.9295,1.9335
2569,1.934,1.926,1.93
2570,1.931,1.9133,1.92215
2571,1.921,1.908,1.9145
2572,1.913,1.8957,1.90435
2573,1.9,1.8913,1.89565
2574,1.9015,1.8935,1.8975
2575,1.909,1.8985,1.90375
2576,1.9125,1.8936,1.90305
2577,1.8965,1.8833,1.8899
2578,1.8965,1.8855,1.891
2579,1.8968,1.8885,1.89265
2580,1.8992,1.8897,1.89445
2581,1.8945,1.8848,1.88965
2582,1.8885,1.8798,1.88415
2583,1.886,1.8755,1.88075
2584,1.8836,1.873,1.8783
2585,1.8969,1.8795,1.8882
2586,1.9051,1.8935,1.8993
2587,1.909,1.894,1.9015
2588,1.9049,1.8925,1.8987
2589,1.9045,1.899,1.90175
2590,1.899,1.8862,1.8926
2591,1.8915,1.881,1.88625
2592,1.8942,1.8837,1.88895
2593,1.8934,1.89,1.8917
2594,1.8905,1.8833,1.8869
2595,1.891,1.8777,1.88435
2596,1.8897,1.8699,1.8798
2597,1.8957,1.881,1.88835
2598,1.9047,1.8955,1.9001
2599,1.9025,1.8945,1.8985
2600,1.901,1.8931,1.89705
2601,1.9001,1.8905,1.8953
2602,1.9041,1.8945,1.8993
2603,1.9055,1.889,1.89725
2604,1.8925,1.8853,1.8889
2605,1.894,1.8855,1.88975
2606,1.8951,1.8885,1.8918
2607,1.8975,1.8882,1.89285
2608,1.901,1.8894,1.8952
2609,1.8935,1.8901,1.8918
2610,1.891,1.8827,1.88685
2611,1.8859,1.8814,1.88365
2612,1.892,1.8781,1.88505
2613,1.8825,1.8737,1.8781
2614,1.876,1.8727,1.87435
2615,1.8799,1.873,1.87645
2616,1.8865,1.875,1.88075
2617,1.888,1.879,1.8835
2618,1.883,1.8756,1.8793
2619,1.882,1.874,1.878
2620,1.8775,1.8626,1.87005
2621,1.8662,1.8548,1.8605
2622,1.8612,1.85,1.8556
2623,1.8625,1.8535,1.858
2624,1.8615,1.858,1.85975
2625,1.861,1.8529,1.85695
2626,1.859,1.8535,1.85625
2627,1.8568,1.8444,1.8506
2628,1.8497,1.8433,1.8465
2629,1.8538,1.8442,1.849
2630,1.8535,1.842,1.84775
2631,1.857,1.8448,1.8509
2632,1.8516,1.8455,1.84855
2633,1.8517,1.846,1.84885
2634,1.854,1.8411,1.84755
2635,1.8535,1.8414,1.84745
2636,1.8568,1.851,1.8539
2637,1.8635,1.8486,1.85605
2638,1.8672,1.86,1.8636
2639,1.8645,1.8575,1.861
2640,1.8612,1.8531,1.85715
2641,1.8557,1.8496,1.85265
2642,1.858,1.8515,1.85475
2643,1.8576,1.851,1.8543
2644,1.8625,1.8565,1.8595
2645,1.865,1.8585,1.86175
2646,1.866,1.8588,1.8624
2647,1.8615,1.8435,1.8525
2648,1.8497,1.8435,1.8466
2649,1.8515,1.8435,1.8475
2650,1.8505,1.8455,1.848
2651,1.8505,1.8435,1.847
2652,1.848,1.8355,1.84175
2653,1.8477,1.8345,1.8411
2654,1.8507,1.844,1.84735
2655,1.8574,1.8485,1.85295
2656,1.8641,1.8535,1.8588
2657,1.859,1.8507,1.85485
2658,1.856,1.851,1.8535
2659,1.86,1.8535,1.85675
2660,1.8608,1.849,1.8549
2661,1.8737,1.857,1.86535
2662,1.8785,1.8679,1.8732
2663,1.8785,1.8703,1.8744
2664,1.8715,1.8654,1.86845
2665,1.8762,1.8685,1.87235
2666,1.8813,1.8715,1.8764
2667,1.8823,1.8748,1.87855
2668,1.8805,1.8724,1.87645
2669,1.8772,1.872,1.8746
2670,1.8782,1.8725,1.87535
2671,1.883,1.8755,1.87925
2672,1.884,1.8785,1.88125
2673,1.8873,1.878,1.88265
2674,1.883,1.8785,1.88075
2675,1.8815,1.875,1.87825
2676,1.8807,1.8735,1.8771
2677,1.8941,1.8805,1.8873
2678,1.8959,1.891,1.89345
2679,1.9007,1.8925,1.8966
2680,1.9035,1.8935,1.8985
2681,1.914,1.902,1.908
2682,1.92,1.9093,1.91465
2683,1.9179,1.91,1.91395
2684,1.92,1.911,1.9155
2685,1.9175,1.9078,1.91265
2686,1.924,1.9135,1.91875
2687,1.9168,1.91,1.9134
2688,1.9165,1.9079,1.9122
2689,1.9124,1.908,1.9102
2690,1.9126,1.9024,1.9075
2691,1.915,1.9085,1.91175
2692,1.918,1.906,1.912
2693,1.92,1.9064,1.9132
2694,1.9105,1.9059,1.9082
2695,1.908,1.8847,1.89635
2696,1.891,1.8855,1.88825
2697,1.8961,1.8825,1.8893
2698,1.9066,1.893,1.8998
2699,1.9075,1.8979,1.9027
2700,1.9165,1.895,1.90575
2701,1.915,1.901,1.908
2702,1.9123,1.9045,1.9084
2703,1.925,1.908,1.9165
2704,1.9335,1.9172,1.92535
2705,1.926,1.9185,1.92225
2706,1.9325,1.923,1.92775
2707,1.9295,1.923,1.92625
2708,1.9275,1.9091,1.9183
2709,1.9197,1.9105,1.9151
2710,1.9249,1.9145,1.9197
2711,1.9245,1.9195,1.922
2712,1.923,1.9175,1.92025
2713,1.918,1.9085,1.91325
2714,1.9176,1.906,1.9118
2715,1.9195,1.9135,1.9165
2716,1.9232,1.9127,1.91795
2717,1.9165,1.9113,1.9139
2718,1.9205,1.9155,1.918
2719,1.9245,1.9165,1.9205
2720,1.9225,1.9133,1.9179
2721,1.9158,1.9104,1.9131
2722,1.9125,1.8991,1.9058
2723,1.9123,1.901,1.90665
2724,1.9135,1.9071,1.9103
2725,1.9112,1.9039,1.90755
2726,1.9092,1.901,1.9051
2727,1.9057,1.9,1.90285
2728,1.904,1.8966,1.9003
2729,1.9,1.8895,1.89475
2730,1.8925,1.887,1.88975
2731,1.8945,1.89,1.89225
2732,1.8979,1.888,1.89295
2733,1.895,1.8904,1.8927
2734,1.9051,1.892,1.89855
2735,1.91,1.9035,1.90675
2736,1.9075,1.8986,1.90305
2737,1.9119,1.8995,1.9057
2738,1.9073,1.9015,1.9044
2739,1.9015,1.8945,1.898
2740,1.8995,1.8956,1.89755
2741,1.9045,1.8938,1.89915
2742,1.8985,1.8907,1.8946
2743,1.8946,1.889,1.8918
2744,1.9014,1.8915,1.89645
2745,1.894,1.8791,1.88655
2746,1.8843,1.878,1.88115
2747,1.8853,1.8805,1.8829
2748,1.8865,1.881,1.88375
2749,1.885,1.8766,1.8808
2750,1.8842,1.878,1.8811
2751,1.8835,1.8754,1.87945
2752,1.879,1.876,1.8775
2753,1.8812,1.8735,1.87735
2754,1.883,1.8775,1.88025
2755,1.884,1.8772,1.8806
2756,1.8885,1.882,1.88525
2757,1.8919,1.8855,1.8887
2758,1.8982,1.8845,1.89135
2759,1.8965,1.889,1.89275
2760,1.8923,1.8885,1.8904
2761,1.894,1.8846,1.8893
2762,1.8953,1.886,1.89065
2763,1.895,1.8885,1.89175
2764,1.8915,1.8844,1.88795
2765,1.8925,1.8884,1.89045
2766,1.8993,1.892,1.89565
2767,1.8992,1.8918,1.8955
2768,1.9054,1.892,1.8987
2769,1.908,1.9015,1.90475
2770,1.904,1.8995,1.90175
2771,1.9035,1.8955,1.8995
2772,1.9013,1.8965,1.8989
2773,1.9013,1.8855,1.8934
2774,1.8905,1.8741,1.8823
2775,1.88,1.877,1.8785
2776,1.8815,1.8765,1.879
2777,1.8871,1.8778,1.88245
2778,1.8844,1.8792,1.8818
2779,1.8921,1.8825,1.8873
2780,1.8904,1.8904,1.8904
2781,1.9065,1.888,1.89725
2782,1.906,1.8975,1.90175
2783,1.9,1.894,1.897
2784,1.8995,1.8884,1.89395
2785,1.8935,1.888,1.89075
2786,1.8951,1.8867,1.8909
2787,1.8939,1.89,1.89195
2788,1.893,1.8896,1.8913
2789,1.8955,1.892,1.89375
2790,1.8945,1.883,1.88875
2791,1.8845,1.8805,1.8825
2792,1.885,1.879,1.882
2793,1.8849,1.8795,1.8822
2794,1.8865,1.883,1.88475
2795,1.8861,1.8811,1.8836
2796,1.889,1.876,1.8825
2797,1.8794,1.8753,1.87735
2798,1.8785,1.8632,1.87085
2799,1.866,1.8574,1.8617
2800,1.8656,1.8595,1.86255
2801,1.8675,1.8601,1.8638
2802,1.864,1.8578,1.8609
2803,1.8644,1.8565,1.86045
2804,1.8709,1.8605,1.8657
2805,1.8731,1.8651,1.8691
2806,1.8707,1.8634,1.86705
2807,1.8717,1.8645,1.8681
2808,1.8753,1.87,1.87265
2809,1.8802,1.8605,1.87035
2810,1.88,1.874,1.877
2811,1.877,1.8709,1.87395
2812,1.8744,1.8682,1.8713
2813,1.8741,1.8697,1.8719
2814,1.874,1.87,1.872
2815,1.8784,1.8665,1.87245
2816,1.8785,1.869,1.87375
2817,1.872,1.8681,1.87005
2818,1.8775,1.8683,1.8729
2819,1.8745,1.8689,1.8717
2820,1.872,1.8616,1.8668
2821,1.8667,1.8625,1.8646
2822,1.8698,1.8635,1.86665
2823,1.8695,1.8632,1.86635
2824,1.8715,1.863,1.86725
2825,1.872,1.8651,1.86855
2826,1.8774,1.8699,1.87365
2827,1.8839,1.8755,1.8797
2828,1.8825,1.8721,1.8773
2829,1.877,1.8735,1.87525
2830,1.8762,1.8705,1.87335
2831,1.8784,1.8725,1.87545
2832,1.8845,1.8755,1.88
2833,1.8871,1.8809,1.884
2834,1.883,1.8784,1.8807
2835,1.8841,1.8797,1.8819
2836,1.886,1.8785,1.88225
2837,1.886,1.8806,1.8833
2838,1.883,1.8748,1.8789
2839,1.878,1.8753,1.87665
2840,1.8796,1.8733,1.87645
2841,1.877,1.872,1.8745
2842,1.874,1.87,1.872
2843,1.8728,1.8703,1.87155
2844,1.8822,1.8715,1.87685
2845,1.8816,1.8775,1.87955
2846,1.8831,1.8775,1.8803
2847,1.8857,1.8767,1.8812
2848,1.8815,1.8774,1.87945
2849,1.8795,1.8735,1.8765
2850,1.8811,1.8737,1.8774
2851,1.8827,1.8789,1.8808
2852,1.8847,1.879,1.88185
2853,1.8828,1.8774,1.8801
2854,1.882,1.879,1.8805
2855,1.884,1.8791,1.88155
2856,1.8896,1.882,1.8858
2857,1.892,1.8857,1.88885
2858,1.8923,1.8879,1.8901
2859,1.8906,1.8868,1.8887
2860,1.8901,1.8861,1.8881
2861,1.893,1.8873,1.89015
2862,1.8991,1.8918,1.89545
2863,1.9018,1.8963,1.89905
2864,1.9043,1.9008,1.90255
2865,1.9041,1.899,1.90155
2866,1.9083,1.8996,1.90395
2867,1.9078,1.9011,1.90445
2868,1.9174,1.9025,1.90995
2869,1.9183,1.9136,1.91595
2870,1.919,1.9115,1.91525
2871,1.9151,1.9037,1.9094
2872,1.9112,1.904,1.9076
2873,1.9148,1.9086,1.9117
2874,1.9165,1.9097,1.9131
2875,1.9124,1.9011,1.90675
2876,1.9118,1.8996,1.9057
2877,1.9141,1.9086,1.91135
2878,1.9219,1.911,1.91645
2879,1.9228,1.9178,1.9203
2880,1.922,1.9162,1.9191
2881,1.9277,1.9183,1.923
2882,1.9267,1.918,1.92235
2883,1.9231,1.9168,1.91995
2884,1.922,1.9185,1.92025
2885,1.9306,1.92,1.9253
2886,1.9369,1.9273,1.9321
2887,1.9412,1.9348,1.938
2888,1.9403,1.9282,1.93425
2889,1.9396,1.9305,1.93505
2890,1.9453,1.9394,1.94235
2891,1.9415,1.9352,1.93835
2892,1.9471,1.934,1.94055
2893,1.9488,1.9428,1.9458
2894,1.9484,1.9395,1.94395
2895,1.9474,1.94,1.9437
2896,1.9505,1.9432,1.94685
2897,1.9473,1.9395,1.9434
2898,1.9527,1.9417,1.9472
2899,1.9467,1.9411,1.9439
2900,1.952,1.9434,1.9477
2901,1.9579,1.9517,1.9548
2902,1.9663,1.956,1.96115
2903,1.9718,1.9632,1.9675
2904,1.9817,1.9681,1.9749
2905,1.9778,1.966,1.9719
2906,1.9945,1.9792,1.98685
2907,1.9898,1.9805,1.98515
2908,1.999,1.984,1.9915
2909,1.9973,1.9865,1.9919
2910,1.9918,1.9798,1.9858
2911,1.9874,1.9765,1.98195
2912,1.9806,1.975,1.9778
2913,1.98,1.9717,1.97585
2914,1.988,1.973,1.9805
2915,1.9953,1.987,1.99115
2916,1.9969,1.9859,1.9914
2917,1.9939,1.9837,1.9888
2918,1.9925,1.9852,1.98885
2919,2.0089,1.9908,1.99985
2920,2.0147,2.0025,2.0086
2921,2.0162,2.0032,2.0097
2922,2.0099,2.0043,2.0071
2923,2.022,2.0105,2.01625
2924,2.0135,2.0054,2.00945
2925,2.0089,1.9845,1.9967
2926,1.9979,1.9875,1.9927
2927,2.0036,1.9939,1.99875
2928,2.0065,1.986,1.99625
2929,1.9889,1.9766,1.98275
2930,1.9893,1.9766,1.98295
2931,1.9854,1.9755,1.98045
2932,1.9856,1.9726,1.9791
2933,1.9917,1.9837,1.9877
2934,1.9876,1.9806,1.9841
2935,1.9808,1.9624,1.9716
2936,1.9761,1.964,1.97005
2937,1.9772,1.9641,1.97065
2938,1.974,1.9656,1.9698
2939,1.98,1.9692,1.9746
2940,1.9827,1.9754,1.97905
2941,1.9893,1.9783,1.9838
2942,1.9845,1.9747,1.9796
2943,1.9867,1.9785,1.9826
2944,1.987,1.975,1.981
2945,1.9809,1.9728,1.97685
2946,1.9849,1.9752,1.98005
2947,1.9811,1.9676,1.97435
2948,1.9731,1.9664,1.96975
2949,1.974,1.9685,1.97125
2950,1.9839,1.9703,1.9771
2951,1.9836,1.9793,1.98145
2952,1.9868,1.9776,1.9822
2953,1.9865,1.9796,1.98305
2954,1.9855,1.9798,1.98265
2955,1.9975,1.983,1.99025
2956,1.9975,1.9907,1.9941
2957,1.999,1.9886,1.9938
2958,1.9954,1.981,1.9882
2959,1.9829,1.978,1.98045
2960,1.984,1.9723,1.97815
2961,1.9769,1.9703,1.9736
2962,1.9818,1.9741,1.97795
2963,1.984,1.9707,1.97735
2964,1.9728,1.9662,1.9695
2965,1.9721,1.9608,1.96645
2966,1.9796,1.9687,1.97415
2967,1.9859,1.9762,1.98105
2968,1.9876,1.9783,1.98295
2969,1.9858,1.975,1.9804
2970,1.9838,1.9758,1.9798
2971,1.9853,1.9758,1.98055
2972,1.981,1.9728,1.9769
2973,1.9804,1.9749,1.97765
2974,1.9899,1.9806,1.98525
2975,1.9892,1.9828,1.986
2976,1.986,1.9812,1.9836
2977,1.9908,1.9857,1.98825
2978,1.9882,1.9782,1.9832
2979,1.9828,1.9778,1.9803
2980,1.9845,1.9764,1.98045
2981,1.9913,1.9779,1.9846
2982,1.9926,1.9848,1.9887
2983,1.988,1.9834,1.9857
2984,1.9892,1.9857,1.98745
2985,1.9886,1.9792,1.9839
2986,1.9835,1.9803,1.9819
2987,1.9814,1.9697,1.97555
2988,1.9742,1.9698,1.972
2989,1.9765,1.9688,1.97265
2990,1.9801,1.972,1.97605
2991,1.9796,1.9748,1.9772
2992,1.9778,1.9724,1.9751
2993,1.9795,1.9757,1.9776
2994,1.9847,1.9729,1.9788
2995,1.9867,1.983,1.98485
2996,1.9864,1.9815,1.98395
2997,1.9908,1.9835,1.98715
2998,2.0004,1.989,1.9947
2999,1.9975,1.9935,1.9955
3000,2.0041,1.9972,2.00065
3001,2.005,1.9941,1.99955
3002,2.0097,1.9989,2.0043
3003,2.0149,2.0074,2.01115
3004,2.017,2.0095,2.01325
3005,2.0137,2.0068,2.01025
3006,2.0129,2.0048,2.00885
3007,2.01,2.0029,2.00645
3008,2.0096,2.0013,2.00545
3009,2.0119,2.0062,2.00905
3010,2.014,2.0008,2.0074
3011,2.0045,1.999,2.00175
3012,2.004,1.9979,2.00095
3013,2.0033,1.9961,1.9997
3014,1.997,1.991,1.994
3015,1.9936,1.9896,1.9916
3016,1.994,1.9876,1.9908
3017,1.9959,1.9889,1.9924
3018,1.9956,1.9915,1.99355
3019,1.9983,1.9861,1.9922
3020,2.0001,1.9957,1.9979
3021,2.0029,1.9963,1.9996
3022,2.0018,1.9971,1.99945
3023,2.0128,1.9998,2.0063
3024,2.0118,2.0068,2.0093
3025,2.014,2.0071,2.01055
3026,2.01,2.006,2.008
3027,2.0197,2.0077,2.0137
3028,2.026,2.017,2.0215
3029,2.0249,2.0195,2.0222
3030,2.0335,2.0211,2.0273
3031,2.0283,2.0224,2.02535
3032,2.0288,2.0243,2.02655
3033,2.0276,2.0244,2.026
3034,2.0317,2.0216,2.02665
3035,2.0326,2.0255,2.02905
3036,2.0325,2.0295,2.031
3037,2.0375,2.0329,2.0352
3038,2.0441,2.0362,2.04015
3039,2.0483,2.0408,2.04455
3040,2.0504,2.0454,2.0479
3041,2.0504,2.0454,2.0479
3042,2.0497,2.0333,2.0415
3043,2.0437,2.0342,2.03895
3044,2.0493,2.0416,2.04545
3045,2.0468,2.0399,2.04335
3046,2.0534,2.036,2.0447
3047,2.0538,2.0495,2.05165
3048,2.0586,2.047,2.0528
3049,2.0582,2.0528,2.0555
3050,2.0598,2.0537,2.05675
3051,2.0592,2.0506,2.0549
3052,2.0628,2.0547,2.05875
3053,2.068,2.0607,2.06435
3054,2.069,2.063,2.066
3055,2.0733,2.0634,2.06835
3056,2.0737,2.0686,2.07115
3057,2.078,2.0706,2.0743
3058,2.085,2.074,2.0795
3059,2.0905,2.0781,2.0843
3060,2.0858,2.0784,2.0821
3061,2.09,2.0808,2.0854
3062,2.0844,2.0733,2.07885
3063,2.0831,2.0724,2.07775
3064,2.0791,2.0695,2.0743
3065,2.0905,2.077,2.08375
3066,2.0936,2.0739,2.08375
3067,2.0863,2.0765,2.0814
3068,2.0836,2.0733,2.07845
3069,2.0828,2.0725,2.07765
3070,2.076,2.0667,2.07135
3071,2.077,2.0705,2.07375
3072,2.086,2.0705,2.07825
3073,2.085,2.0758,2.0804
3074,2.0791,2.0677,2.0734
3075,2.0756,2.0679,2.07175
3076,2.0765,2.0665,2.0715
3077,2.0836,2.0744,2.079
3078,2.0846,2.075,2.0798
3079,2.0806,2.0708,2.0757
3080,2.0822,2.0744,2.0783
3081,2.0811,2.073,2.07705
3082,2.0836,2.0735,2.07855
3083,2.0807,2.0736,2.07715
3084,2.0899,2.0769,2.0834
3085,2.0936,2.0877,2.09065
3086,2.1005,2.0886,2.09455
3087,2.1012,2.0927,2.09695
3088,2.1066,2.0968,2.1017
3089,2.1066,2.1001,2.10335
3090,2.1084,2.1006,2.1045
3091,2.1056,2.0983,2.10195
3092,2.1008,2.0795,2.09015
3093,2.0819,2.069,2.07545
3094,2.0843,2.0589,2.0716
3095,2.0655,2.0544,2.05995
3096,2.0655,2.0555,2.0605
3097,2.0675,2.053,2.06025
3098,2.0622,2.0501,2.05615
3099,2.0674,2.0568,2.0621
3100,2.0722,2.0633,2.06775
3101,2.0703,2.0622,2.06625
3102,2.0744,2.0674,2.0709
3103,2.0802,2.0671,2.07365
3104,2.0921,2.0782,2.08515
3105,2.0933,2.0867,2.09
3106,2.0958,2.0751,2.08545
3107,2.079,2.0686,2.0738
3108,2.0768,2.0685,2.07265
3109,2.0687,2.0561,2.0624
3110,2.0724,2.0642,2.0683
3111,2.0783,2.0677,2.073
3112,2.083,2.075,2.079
3113,2.0788,2.0694,2.0741
3114,2.081,2.0718,2.0764
3115,2.0821,2.0739,2.078
3116,2.092,2.0784,2.0852
3117,2.0976,2.0868,2.0922
3118,2.0896,2.0873,2.08845
3119,2.091,2.082,2.0865
3120,2.1002,2.0849,2.09255
3121,2.0985,2.092,2.09525
3122,2.1045,2.0941,2.0993
3123,2.1051,2.0958,2.10045
3124,2.1076,2.0977,2.10265
3125,2.1075,2.0933,2.1004
3126,2.1189,2.1064,2.11265
3127,2.1287,2.1156,2.12215
3128,2.1271,2.1187,2.1229
3129,2.1303,2.1205,2.1254
3130,2.1453,2.1277,2.1365
3131,2.144,2.133,2.1385
3132,2.1506,2.1311,2.14085
3133,2.1535,2.1438,2.14865
3134,2.1624,2.1495,2.15595
3135,2.1572,2.1464,2.1518
3136,2.1536,2.1471,2.15035
3137,2.1491,2.1376,2.14335
3138,2.158,2.1372,2.1476
3139,2.174,2.1623,2.16815
3140,2.1716,2.1607,2.16615
3141,2.1744,2.1666,2.1705
3142,2.173,2.1623,2.16765
3143,2.1818,2.1668,2.1743
3144,2.1868,2.1802,2.1835
3145,2.1923,2.1821,2.1872
3146,2.1845,2.1706,2.17755
3147,2.1902,2.1693,2.17975
3148,2.1916,2.1742,2.1829
3149,2.177,2.1652,2.1711
3150,2.178,2.1688,2.1734
3151,2.1748,2.167,2.1709
3152,2.1887,2.1632,2.17595
3153,2.188,2.1685,2.17825
3154,2.1788,2.1657,2.17225
3155,2.174,2.1671,2.17055
3156,2.1782,2.166,2.1721
3157,2.1806,2.1708,2.1757
3158,2.1876,2.1738,2.1807
3159,2.1929,2.1825,2.1877
3160,2.187,2.177,2.182
3161,2.1805,2.1665,2.1735
3162,2.1743,2.1584,2.16635
3163,2.1733,2.1553,2.1643
3164,2.1611,2.1508,2.15595
3165,2.1582,2.1477,2.15295
3166,2.1624,2.1494,2.1559
3167,2.1545,2.1422,2.14835
3168,2.1468,2.1401,2.14345
3169,2.1505,2.1401,2.1453
3170,2.161,2.1506,2.1558
3171,2.1569,2.1507,2.1538
3172,2.1542,2.1434,2.1488
3173,2.1501,2.1451,2.1476
3174,2.1471,2.1308,2.13895
3175,2.1352,2.1259,2.13055
3176,2.1366,2.1309,2.13375
3177,2.1391,2.1314,2.13525
3178,2.1384,2.1276,2.133
3179,2.1307,2.1242,2.12745
3180,2.1337,2.1155,2.1246
3181,2.123,2.1114,2.1172
3182,2.1248,2.1157,2.12025
3183,2.1305,2.1173,2.1239
3184,2.1352,2.1245,2.12985
3185,2.1372,2.1309,2.13405
3186,2.1488,2.1318,2.1403
3187,2.151,2.1424,2.1467
3188,2.155,2.1444,2.1497
3189,2.1519,2.1455,2.1487
3190,2.154,2.1455,2.14975
3191,2.1461,2.1339,2.14
3192,2.1368,2.1227,2.12975
3193,2.1274,2.1137,2.12055
3194,2.1375,2.1261,2.1318
3195,2.138,2.1306,2.1343
3196,2.1425,2.1325,2.1375
3197,2.1418,2.132,2.1369
3198,2.1382,2.1289,2.13355
3199,2.1379,2.1266,2.13225
3200,2.1372,2.1284,2.1328
3201,2.1331,2.1221,2.1276
3202,2.1339,2.1228,2.12835
3203,2.1289,2.1238,2.12635
3204,2.1267,2.1128,2.11975
3205,2.115,2.1058,2.1104
3206,2.1146,2.1084,2.1115
3207,2.112,2.0885,2.10025
3208,2.0937,2.0837,2.0887
3209,2.0918,2.0825,2.08715
3210,2.091,2.0793,2.08515
3211,2.093,2.0836,2.0883
3212,2.0912,2.0815,2.08635
3213,2.0997,2.0874,2.09355
3214,2.1016,2.0956,2.0986
3215,2.0969,2.0812,2.08905
3216,2.087,2.0764,2.0817
3217,2.0942,2.0812,2.0877
3218,2.1111,2.092,2.10155
3219,2.113,2.105,2.109
3220,2.1238,2.1058,2.1148
3221,2.1236,2.1165,2.12005
3222,2.1271,2.1156,2.12135
3223,2.1323,2.1138,2.12305
3224,2.131,2.1248,2.1279
3225,2.1317,2.1161,2.1239
3226,2.1301,2.114,2.12205
3227,2.1345,2.1228,2.12865
3228,2.1382,2.1238,2.131
3229,2.1505,2.1386,2.14455
3230,2.1528,2.1449,2.14885
3231,2.1494,2.143,2.1462
3232,2.1533,2.1462,2.14975
3233,2.1501,2.144,2.14705
3234,2.1596,2.1398,2.1497
3235,2.1735,2.1572,2.16535
3236,2.1723,2.1645,2.1684
3237,2.1767,2.1664,2.17155
3238,2.172,2.1554,2.1637
3239,2.1721,2.1536,2.16285
3240,2.1811,2.17,2.17555
3241,2.1837,2.1762,2.17995
3242,2.1859,2.1688,2.17735
3243,2.1848,2.1705,2.17765
3244,2.1813,2.1655,2.1734
3245,2.1767,2.1585,2.1676
3246,2.1745,2.1594,2.16695
3247,2.1697,2.1569,2.1633
3248,2.1682,2.1548,2.1615
3249,2.173,2.1601,2.16655
3250,2.1701,2.1621,2.1661
3251,2.1827,2.1652,2.17395
3252,2.1844,2.1758,2.1801
3253,2.1855,2.1764,2.18095
3254,2.1787,2.172,2.17535
3255,2.1749,2.1658,2.17035
3256,2.1721,2.166,2.16905
3257,2.1758,2.1619,2.16885
3258,2.1656,2.1565,2.16105
3259,2.1617,2.1429,2.1523
3260,2.1511,2.143,2.14705
3261,2.1501,2.1414,2.14575
3262,2.1462,2.1389,2.14255
3263,2.1542,2.1409,2.14755
3264,2.1533,2.1469,2.1501
3265,2.1529,2.1447,2.1488
3266,2.166,2.1507,2.15835
3267,2.174,2.163,2.1685
3268,2.1802,2.1729,2.17655
3269,2.1846,2.1729,2.17875
3270,2.1959,2.1735,2.1847
3271,2.1978,2.1875,2.19265
3272,2.1972,2.1875,2.19235
3273,2.1941,2.1859,2.19
3274,2.1915,2.176,2.18375
3275,2.1818,2.1754,2.1786
3276,2.195,2.1773,2.18615
3277,2.1942,2.1888,2.1915
3278,2.2018,2.19,2.1959
3279,2.204,2.1939,2.19895
3280,2.2092,2.1944,2.2018
3281,2.2129,2.2066,2.20975
3282,2.216,2.203,2.2095
3283,2.2171,2.2065,2.2118
3284,2.2239,2.2153,2.2196
3285,2.2276,2.2187,2.22315
3286,2.2266,2.2154,2.221
3287,2.2233,2.2113,2.2173
3288,2.2307,2.2198,2.22525
3289,2.2325,2.2131,2.2228
3290,2.236,2.2299,2.23295
3291,2.2419,2.2298,2.23585
3292,2.2433,2.2359,2.2396
3293,2.2433,2.2343,2.2388
3294,2.245,2.2359,2.24045
3295,2.2427,2.2387,2.2407
3296,2.247,2.239,2.243
3297,2.2465,2.2438,2.24515
3298,2.2466,2.2429,2.24475
3299,2.251,2.2428,2.2469
3300,2.2563,2.2481,2.2522
3301,2.2649,2.2546,2.25975
3302,2.2475,2.2475,2.2475
3303,2.2627,2.2527,2.2577
3304,2.2697,2.2581,2.2639
3305,2.2813,2.2668,2.27405
3306,2.2744,2.2634,2.2689
3307,2.278,2.2562,2.2671
3308,2.2868,2.2705,2.27865
3309,2.2899,2.2737,2.2818
3310,2.2795,2.2711,2.2753
3311,2.2787,2.2632,2.27095
3312,2.267,2.257,2.262
3313,2.2608,2.2352,2.248
3314,2.2422,2.2335,2.23785
3315,2.2597,2.2348,2.24725
3316,2.2671,2.2552,2.26115
3317,2.275,2.2625,2.26875
3318,2.2774,2.2562,2.2668
3319,2.2613,2.2462,2.25375
3320,2.2653,2.2442,2.25475
3321,2.2662,2.2465,2.25635
3322,2.2527,2.236,2.24435
3323,2.2493,2.2352,2.24225
3324,2.2486,2.239,2.2438
3325,2.2597,2.2418,2.25075
3326,2.256,2.2492,2.2526
3327,2.2637,2.2523,2.258
3328,2.2725,2.2514,2.26195
3329,2.2765,2.2574,2.26695
3330,2.2787,2.2685,2.2736
3331,2.2837,2.265,2.27435
3332,2.2845,2.279,2.28175
3333,2.2895,2.2716,2.28055
3334,2.2786,2.272,2.2753
3335,2.2872,2.2759,2.28155
3336,2.293,2.2664,2.2797
3337,2.2735,2.2648,2.26915
3338,2.276,2.2495,2.26275
3339,2.2595,2.2452,2.25235
3340,2.2712,2.2526,2.2619
3341,2.2705,2.2476,2.25905
3342,2.2515,2.2385,2.245
3343,2.2505,2.2373,2.2439
3344,2.254,2.2425,2.24825
3345,2.2468,2.2197,2.23325
3346,2.2224,2.2056,2.214
3347,2.224,2.2137,2.21885
3348,2.2433,2.2177,2.2305
3349,2.2418,2.2339,2.23785
3350,2.2455,2.2278,2.23665
3351,2.2341,2.22,2.22705
3352,2.2349,2.2164,2.22565
3353,2.2385,2.2173,2.2279
3354,2.2316,2.2184,2.225
3355,2.2371,2.223,2.23005
3356,2.2287,2.2178,2.22325
3357,2.2431,2.2323,2.2377
3358,2.2407,2.2258,2.23325
3359,2.2401,2.2224,2.23125
3360,2.2368,2.2268,2.2318
3361,2.2366,2.2119,2.22425
3362,2.22,2.2098,2.2149
3363,2.2213,2.207,2.21415
3364,2.2168,2.2048,2.2108
3365,2.2229,2.2154,2.21915
3366,2.232,2.2166,2.2243
3367,2.2388,2.2256,2.2322
3368,2.2372,2.2103,2.22375
3369,2.2127,2.1985,2.2056
3370,2.2121,2.1984,2.20525
3371,2.2196,2.2052,2.2124
3372,2.2218,2.2065,2.21415
3373,2.2115,2.2066,2.20905
3374,2.2098,2.2054,2.2076
3375,2.2082,2.1906,2.1994
3376,2.1967,2.1868,2.19175
3377,2.1991,2.1893,2.1942
3378,2.2046,2.1926,2.1986
3379,2.2077,2.2002,2.20395
3380,2.2023,2.1845,2.1934
3381,2.1915,2.1817,2.1866
3382,2.1907,2.1779,2.1843
3383,2.1943,2.1796,2.18695
3384,2.1884,2.1762,2.1823
3385,2.1947,2.1835,2.1891
3386,2.1952,2.1823,2.18875
3387,2.1983,2.1807,2.1895
3388,2.201,2.1921,2.19655
3389,2.1999,2.1922,2.19605
3390,2.2118,2.1928,2.2023
3391,2.218,2.2098,2.2139
3392,2.2174,2.206,2.2117
3393,2.2148,2.1878,2.2013
3394,2.1892,2.1814,2.1853
3395,2.189,2.1788,2.1839
3396,2.1939,2.1836,2.18875
3397,2.1928,2.1775,2.18515
3398,2.1901,2.178,2.18405
3399,2.2059,2.188,2.19695
3400,2.2039,2.1932,2.19855
3401,2.2042,2.194,2.1991
3402,2.2019,2.1897,2.1958
3403,2.2068,2.1954,2.2011
3404,2.2022,2.1935,2.19785
3405,2.2126,2.1988,2.2057
3406,2.2142,2.208,2.2111
3407,2.2291,2.209,2.21905
3408,2.2294,2.2203,2.22485
3409,2.2242,2.2183,2.22125
3410,2.2264,2.2158,2.2211
3411,2.2306,2.2208,2.2257
3412,2.225,2.2171,2.22105
3413,2.2296,2.214,2.2218
3414,2.2337,2.2293,2.2315
3415,2.235,2.2248,2.2299
3416,2.2273,2.2038,2.21555
3417,2.2115,2.2027,2.2071
3418,2.2114,2.1967,2.20405
3419,2.2085,2.1956,2.20205
3420,2.2168,2.2032,2.21
3421,2.2167,2.1982,2.20745
3422,2.2068,2.1993,2.20305
3423,2.2144,2.1976,2.206
3424,2.2145,2.2078,2.21115
3425,2.2129,2.2067,2.2098
3426,2.2191,2.2067,2.2129
3427,2.2187,2.2043,2.2115
3428,2.2189,2.211,2.21495
3429,2.2227,2.2124,2.21755
3430,2.2191,2.2071,2.2131
3431,2.2205,2.2068,2.21365
3432,2.2207,2.2135,2.2171
3433,2.2326,2.2147,2.22365
3434,2.2334,2.227,2.2302
3435,2.2328,2.2266,2.2297
3436,2.2387,2.2276,2.23315
3437,2.2405,2.2342,2.23735
3438,2.242,2.2372,2.2396
3439,2.2434,2.2384,2.2409
3440,2.2412,2.2302,2.2357
3441,2.242,2.2321,2.23705
3442,2.2388,2.233,2.2359
3443,2.246,2.2328,2.2394
3444,2.246,2.2401,2.24305
3445,2.2451,2.2301,2.2376
3446,2.2349,2.2212,2.22805
3447,2.2292,2.2235,2.22635
3448,2.2265,2.2089,2.2177
3449,2.217,2.2091,2.21305
3450,2.2188,2.2037,2.21125
3451,2.2076,2.2002,2.2039
3452,2.2095,2.1993,2.2044
3453,2.2118,2.2003,2.20605
3454,2.2092,2.2026,2.2059
3455,2.2075,2.1996,2.20355
3456,2.2066,2.197,2.2018
3457,2.2072,2.2022,2.2047
3458,2.2282,2.2047,2.21645
3459,2.2289,2.2247,2.2268
3460,2.2318,2.2233,2.22755
3461,2.2247,2.2197,2.2222
3462,2.2304,2.2216,2.226
3463,2.2372,2.218,2.2276
3464,2.2381,2.2317,2.2349
3465,2.2385,2.2311,2.2348
3466,2.2364,2.2292,2.2328
3467,2.2378,2.2325,2.23515
3468,2.2378,2.2278,2.2328
3469,2.2315,2.2133,2.2224
3470,2.2166,2.2064,2.2115
3471,2.2115,2.2053,2.2084
3472,2.2115,2.2043,2.2079
3473,2.2134,2.2009,2.20715
3474,2.2068,2.1989,2.20285
3475,2.2192,2.2045,2.21185
3476,2.2218,2.2147,2.21825
3477,2.2199,2.2143,2.2171
3478,2.2193,2.2043,2.2118
3479,2.2077,2.2049,2.2063
3480,2.211,2.2056,2.2083
3481,2.219,2.2028,2.2109
3482,2.2206,2.216,2.2183
3483,2.2311,2.2199,2.2255
3484,2.2285,2.2224,2.22545
3485,2.2294,2.2227,2.22605
3486,2.2259,2.2135,2.2197
3487,2.2196,2.2123,2.21595
3488,2.2221,2.216,2.21905
3489,2.2183,2.2127,2.2155
3490,2.2345,2.2169,2.2257
3491,2.2333,2.2227,2.228
3492,2.2333,2.2255,2.2294
3493,2.2362,2.2238,2.23
3494,2.2314,2.2249,2.22815
3495,2.2347,2.2282,2.23145
3496,2.2339,2.229,2.23145
3497,2.2434,2.2315,2.23745
3498,2.2438,2.2387,2.24125
3499,2.2397,2.2259,2.2328
3500,2.2328,2.2264,2.2296
